/*
 Navicat Premium Data Transfer

 Source Server         : MySQL Server
 Source Server Type    : MySQL
 Source Server Version : 100125
 Source Host           : localhost:3306
 Source Schema         : pro_kazi

 Target Server Type    : MySQL
 Target Server Version : 100125
 File Encoding         : 65001

 Date: 06/12/2017 11:20:37
*/

SET NAMES utf8mb4;
SET FOREIGN_KEY_CHECKS = 0;

-- ----------------------------
-- Table structure for activity_logs
-- ----------------------------
DROP TABLE IF EXISTS `activity_logs`;
CREATE TABLE `activity_logs`  (
  `id` int(11) NOT NULL AUTO_INCREMENT,
  `created_at` datetime(0) NOT NULL,
  `created_by` int(11) NOT NULL,
  `action` enum('created','updated','deleted') CHARACTER SET utf8 COLLATE utf8_unicode_ci NOT NULL,
  `log_type` varchar(30) CHARACTER SET utf8 COLLATE utf8_unicode_ci NOT NULL,
  `log_type_title` mediumtext CHARACTER SET utf8 COLLATE utf8_unicode_ci NOT NULL,
  `log_type_id` int(11) NOT NULL DEFAULT 0,
  `changes` mediumtext CHARACTER SET utf8 COLLATE utf8_unicode_ci NULL,
  `log_for` varchar(30) CHARACTER SET utf8 COLLATE utf8_unicode_ci NOT NULL DEFAULT '0',
  `log_for_id` int(11) NOT NULL DEFAULT 0,
  `log_for2` varchar(30) CHARACTER SET utf8 COLLATE utf8_unicode_ci NULL DEFAULT NULL,
  `log_for_id2` int(11) NULL DEFAULT NULL,
  `deleted` tinyint(1) NOT NULL DEFAULT 0,
  PRIMARY KEY (`id`) USING BTREE
) ENGINE = InnoDB AUTO_INCREMENT = 2 CHARACTER SET = utf8 COLLATE = utf8_unicode_ci ROW_FORMAT = Compact;

-- ----------------------------
-- Records of activity_logs
-- ----------------------------
INSERT INTO `activity_logs` VALUES (1, '2017-11-30 06:07:19', 5, 'created', 'task', 'time', 8, NULL, 'project', 10, '', 0, 0);

-- ----------------------------
-- Table structure for announcements
-- ----------------------------
DROP TABLE IF EXISTS `announcements`;
CREATE TABLE `announcements`  (
  `id` int(11) NOT NULL AUTO_INCREMENT,
  `title` text CHARACTER SET utf8 COLLATE utf8_unicode_ci NOT NULL,
  `description` mediumtext CHARACTER SET utf8 COLLATE utf8_unicode_ci NOT NULL,
  `start_date` date NOT NULL,
  `end_date` date NOT NULL,
  `created_by` int(11) NOT NULL,
  `share_with` mediumtext CHARACTER SET utf8 COLLATE utf8_unicode_ci NULL,
  `created_at` datetime(0) NOT NULL,
  `read_by` mediumtext CHARACTER SET utf8 COLLATE utf8_unicode_ci NULL,
  `deleted` int(1) NOT NULL DEFAULT 0,
  PRIMARY KEY (`id`) USING BTREE,
  INDEX `created_by`(`created_by`) USING BTREE
) ENGINE = InnoDB AUTO_INCREMENT = 1 CHARACTER SET = utf8 COLLATE = utf8_unicode_ci ROW_FORMAT = Compact;

-- ----------------------------
-- Table structure for attendance
-- ----------------------------
DROP TABLE IF EXISTS `attendance`;
CREATE TABLE `attendance`  (
  `id` int(11) NOT NULL AUTO_INCREMENT,
  `status` enum('incomplete','pending','approved','rejected','deleted') CHARACTER SET utf8 COLLATE utf8_unicode_ci NOT NULL DEFAULT 'incomplete',
  `user_id` int(11) NOT NULL,
  `task_id` int(11) NOT NULL,
  `project_id` int(11) NOT NULL,
  `in_time` datetime(0) NOT NULL,
  `out_time` datetime(0) NULL DEFAULT NULL,
  `difference` varchar(255) CHARACTER SET utf8 COLLATE utf8_unicode_ci NOT NULL,
  `checked_by` int(11) NULL DEFAULT NULL,
  `note` text CHARACTER SET utf8 COLLATE utf8_unicode_ci NULL,
  `checked_at` datetime(0) NULL DEFAULT NULL,
  `reject_reason` text CHARACTER SET utf8 COLLATE utf8_unicode_ci NULL,
  `deleted` int(1) NOT NULL DEFAULT 0,
  PRIMARY KEY (`id`) USING BTREE,
  INDEX `user_id`(`user_id`) USING BTREE,
  INDEX `checked_by`(`checked_by`) USING BTREE
) ENGINE = InnoDB AUTO_INCREMENT = 8 CHARACTER SET = utf8 COLLATE = utf8_unicode_ci ROW_FORMAT = Compact;

-- ----------------------------
-- Records of attendance
-- ----------------------------
INSERT INTO `attendance` VALUES (3, 'pending', 5, 3, 8, '2017-11-08 22:00:00', '2017-11-09 10:00:00', '43200', NULL, NULL, NULL, NULL, 0);
INSERT INTO `attendance` VALUES (4, 'pending', 89, 3, 8, '2017-11-08 22:00:00', '2017-11-09 06:00:00', '28800', NULL, NULL, NULL, NULL, 0);
INSERT INTO `attendance` VALUES (5, 'pending', 89, 3, 8, '2017-11-13 22:00:00', '2017-11-13 23:00:00', '3600', NULL, NULL, NULL, NULL, 0);
INSERT INTO `attendance` VALUES (6, 'pending', 5, 6, 10, '2017-11-13 23:00:00', '2017-11-13 21:00:00', '7200', NULL, NULL, NULL, NULL, 0);
INSERT INTO `attendance` VALUES (7, 'pending', 89, 6, 10, '2017-11-14 11:00:00', '2017-11-14 08:00:00', '10800', NULL, NULL, NULL, NULL, 0);

-- ----------------------------
-- Table structure for ci_sessions
-- ----------------------------
DROP TABLE IF EXISTS `ci_sessions`;
CREATE TABLE `ci_sessions`  (
  `id` varchar(40) CHARACTER SET utf8 COLLATE utf8_unicode_ci NOT NULL,
  `ip_address` varchar(45) CHARACTER SET utf8 COLLATE utf8_unicode_ci NOT NULL,
  `timestamp` int(10) UNSIGNED NOT NULL DEFAULT 0,
  `data` blob NOT NULL,
  INDEX `ci_sessions_timestamp`(`timestamp`) USING BTREE
) ENGINE = InnoDB CHARACTER SET = utf8 COLLATE = utf8_unicode_ci ROW_FORMAT = Compact;

-- ----------------------------
-- Table structure for clients
-- ----------------------------
DROP TABLE IF EXISTS `clients`;
CREATE TABLE `clients`  (
  `id` int(11) NOT NULL AUTO_INCREMENT,
  `company_name` varchar(150) CHARACTER SET utf8 COLLATE utf8_unicode_ci NOT NULL,
  `address` text CHARACTER SET utf8 COLLATE utf8_unicode_ci NULL,
  `city` varchar(50) CHARACTER SET utf8 COLLATE utf8_unicode_ci NULL DEFAULT NULL,
  `state` varchar(50) CHARACTER SET utf8 COLLATE utf8_unicode_ci NULL DEFAULT NULL,
  `zip` varchar(50) CHARACTER SET utf8 COLLATE utf8_unicode_ci NULL DEFAULT NULL,
  `country` varchar(50) CHARACTER SET utf8 COLLATE utf8_unicode_ci NULL DEFAULT NULL,
  `created_date` date NOT NULL,
  `website` text CHARACTER SET utf8 COLLATE utf8_unicode_ci NULL,
  `phone` varchar(20) CHARACTER SET utf8 COLLATE utf8_unicode_ci NULL DEFAULT NULL,
  `currency_symbol` varchar(20) CHARACTER SET utf8 COLLATE utf8_unicode_ci NULL DEFAULT NULL,
  `deleted` tinyint(1) NOT NULL DEFAULT 0,
  `vat_number` text CHARACTER SET utf8 COLLATE utf8_unicode_ci NULL,
  `currency` varchar(3) CHARACTER SET utf8 COLLATE utf8_unicode_ci NULL DEFAULT NULL,
  `disable_online_payment` tinyint(1) NOT NULL DEFAULT 0,
  PRIMARY KEY (`id`) USING BTREE
) ENGINE = InnoDB AUTO_INCREMENT = 31 CHARACTER SET = utf8 COLLATE = utf8_unicode_ci ROW_FORMAT = Compact;

-- ----------------------------
-- Records of clients
-- ----------------------------
INSERT INTO `clients` VALUES (30, 'Infortex ict Solutions', 'ewwwgf', 'NYERI', 'Central', '00100', 'kenya', '2017-11-08', 'www.example.com', '0700000000', '', 0, '12143', '', 0);

-- ----------------------------
-- Table structure for custom_field_values
-- ----------------------------
DROP TABLE IF EXISTS `custom_field_values`;
CREATE TABLE `custom_field_values`  (
  `id` int(11) NOT NULL AUTO_INCREMENT,
  `related_to_type` varchar(50) CHARACTER SET utf8 COLLATE utf8_unicode_ci NOT NULL,
  `related_to_id` int(11) NOT NULL,
  `custom_field_id` int(11) NOT NULL,
  `value` longtext CHARACTER SET utf8 COLLATE utf8_unicode_ci NOT NULL,
  `deleted` tinyint(1) NOT NULL DEFAULT 0,
  PRIMARY KEY (`id`) USING BTREE
) ENGINE = InnoDB AUTO_INCREMENT = 1 CHARACTER SET = utf8 COLLATE = utf8_unicode_ci ROW_FORMAT = Compact;

-- ----------------------------
-- Table structure for custom_fields
-- ----------------------------
DROP TABLE IF EXISTS `custom_fields`;
CREATE TABLE `custom_fields`  (
  `id` int(11) NOT NULL AUTO_INCREMENT,
  `title` text CHARACTER SET utf8 COLLATE utf8_unicode_ci NOT NULL,
  `placeholder` text CHARACTER SET utf8 COLLATE utf8_unicode_ci NOT NULL,
  `options` mediumtext CHARACTER SET utf8 COLLATE utf8_unicode_ci NOT NULL,
  `field_type` varchar(50) CHARACTER SET utf8 COLLATE utf8_unicode_ci NOT NULL,
  `related_to` varchar(50) CHARACTER SET utf8 COLLATE utf8_unicode_ci NOT NULL,
  `sort` int(11) NOT NULL,
  `required` tinyint(1) NOT NULL DEFAULT 0,
  `deleted` tinyint(1) NOT NULL DEFAULT 0,
  PRIMARY KEY (`id`) USING BTREE
) ENGINE = InnoDB AUTO_INCREMENT = 2 CHARACTER SET = utf8 COLLATE = utf8_unicode_ci ROW_FORMAT = Compact;

-- ----------------------------
-- Records of custom_fields
-- ----------------------------
INSERT INTO `custom_fields` VALUES (1, 'Service', 'Service', 'Consulting,New Business,Recruitment', 'multi_select', 'estimate_form-1', 1, 1, 1);

-- ----------------------------
-- Table structure for email_templates
-- ----------------------------
DROP TABLE IF EXISTS `email_templates`;
CREATE TABLE `email_templates`  (
  `id` int(11) NOT NULL AUTO_INCREMENT,
  `template_name` varchar(50) CHARACTER SET utf8 COLLATE utf8_unicode_ci NOT NULL,
  `email_subject` text CHARACTER SET utf8 COLLATE utf8_unicode_ci NOT NULL,
  `default_message` mediumtext CHARACTER SET utf8 COLLATE utf8_unicode_ci NOT NULL,
  `custom_message` mediumtext CHARACTER SET utf8 COLLATE utf8_unicode_ci NULL,
  `deleted` tinyint(1) NOT NULL DEFAULT 0,
  PRIMARY KEY (`id`) USING BTREE
) ENGINE = InnoDB AUTO_INCREMENT = 14 CHARACTER SET = utf8 COLLATE = utf8_unicode_ci ROW_FORMAT = Compact;

-- ----------------------------
-- Records of email_templates
-- ----------------------------
INSERT INTO `email_templates` VALUES (1, 'login_info', 'Login details', '<div style=\"background-color: #eeeeef; padding: 50px 0; \"><div style=\"max-width:640px; margin:0 auto; \"> <div style=\"color: #fff;text-align: center;background-color:#9ad4ea;padding: 30px;border-top-left-radius: 3px;border-top-right-radius: 3px;margin: 0;\">\n<img src=\"http://teamkazi.com/files/system/default-stie-logo.png\" alt=\"TeamKazi\">\n  <h1>Login Details</h1></div><div style=\"padding: 20px; background-color: rgb(255, 255, 255);\">            <p style=\"color: rgb(85, 85, 85); font-size: 14px;\"> Hello {USER_FIRST_NAME}, &nbsp;{USER_LAST_NAME},<br><br>An account has been created for you.</p>            <p style=\"color: rgb(85, 85, 85); font-size: 14px;\"> Please use the following info to login your dashboard:</p>            <hr>            <p style=\"color: rgb(85, 85, 85); font-size: 14px;\">Dashboard URL:&nbsp;<a href=\"{DASHBOARD_URL}\" target=\"_blank\">{DASHBOARD_URL}</a></p>            <p style=\"color: rgb(85, 85, 85); font-size: 14px;\"></p>            <p style=\"\"><span style=\"color: rgb(85, 85, 85); font-size: 14px; line-height: 20px;\">Email: {USER_LOGIN_EMAIL}</span><br></p>            <p style=\"\"><span style=\"color: rgb(85, 85, 85); font-size: 14px; line-height: 20px;\">Password:&nbsp;{USER_LOGIN_PASSWORD}</span></p>            <p style=\"color: rgb(85, 85, 85);\"><br></p>            <p style=\"color: rgb(85, 85, 85); font-size: 14px;\">{SIGNATURE}</p>        </div>    </div></div>', '<div style=\"background-color: #eeeeef; padding: 50px 0; \"><div style=\"max-width:640px; margin:0 auto; \"> <div style=\"color: #fff;text-align: center;background-color:#9ad4ea;padding: 30px;border-top-left-radius: 3px;border-top-right-radius: 3px;margin: 0;\">\n<img src=\"http://173.212.247.73:8080/pro.teamkazi.com/files/system/default-stie-logo.png\" alt=\"PRO-KAZI\">\n  <h1>Login Details</h1></div><div style=\"padding: 20px; background-color: rgb(255, 255, 255);\">            <p style=\"color: rgb(85, 85, 85); font-size: 14px;\"> Hello {USER_FIRST_NAME}, &nbsp;{USER_LAST_NAME},<br><br>An account has been created for you.</p>            <p style=\"color: rgb(85, 85, 85); font-size: 14px;\"> Please use the following info to login your dashboard:</p>            <hr>            <p style=\"color: rgb(85, 85, 85); font-size: 14px;\">Dashboard URL:&nbsp;<a href=\"{DASHBOARD_URL}\" target=\"_blank\">{DASHBOARD_URL}</a></p>            <p style=\"color: rgb(85, 85, 85); font-size: 14px;\"></p>            <p style=\"\"><span style=\"color: rgb(85, 85, 85); font-size: 14px; line-height: 20px;\">Email: {USER_LOGIN_EMAIL}</span><br></p>            <p style=\"\"><span style=\"color: rgb(85, 85, 85); font-size: 14px; line-height: 20px;\">Password:&nbsp;{USER_LOGIN_PASSWORD}</span></p>            <p style=\"color: rgb(85, 85, 85);\"><br></p>            <p style=\"color: rgb(85, 85, 85); font-size: 14px;\">{SIGNATURE}</p>        </div>    </div></div>', 0);
INSERT INTO `email_templates` VALUES (2, 'reset_password', 'Reset password', '<div style=\"background-color: #eeeeef; padding: 50px 0; \"><div style=\"max-width:640px; margin:0 auto; \"> <div style=\"color: #fff;text-align: center;background-color:#9ad4ea;padding: 30px;border-top-left-radius: 3px;border-top-right-radius: 3px;margin: 0;\">\n<img src=\"http://teamkazi.com/files/system/default-stie-logo.png\" alt=\"TeamKazi\"><h1>Reset Password</h1>\n </div>\n <div style=\"padding: 20px; background-color: rgb(255, 255, 255); color:#555;\">                    <p style=\"font-size: 14px;\"> Hello {ACCOUNT_HOLDER_NAME},<br><br>A password reset request has been created for your account.&nbsp;</p>\n                    <p style=\"font-size: 14px;\"> To initiate the password reset process, please click on the following link:</p>\n                    <p style=\"font-size: 14px;\"><a href=\"{RESET_PASSWORD_URL}\" target=\"_blank\">Reset Password</a></p>\n                    <p style=\"font-size: 14px;\"></p>\n                    <p style=\"\"><span style=\"font-size: 14px; line-height: 20px;\"><br></span></p>\n<p style=\"\"><span style=\"font-size: 14px; line-height: 20px;\">If you\'ve received this mail in error, it\'s likely that another user entered your email address by mistake while trying to reset a password.</span><br></p>\n<p style=\"\"><span style=\"font-size: 14px; line-height: 20px;\">If you didn\'t initiate the request, you don\'t need to take any further action and can safely disregard this email.</span><br></p>\n<p style=\"font-size: 14px;\"><br></p>\n<p style=\"font-size: 14px;\">{SIGNATURE}</p>\n                </div>\n            </div>\n        </div>', '<div style=\"background-color: #eeeeef; padding: 50px 0; \"><div style=\"max-width:640px; margin:0 auto; \"> <div style=\"color: #fff;text-align: center;background-color:#9ad4ea;padding: 30px;border-top-left-radius: 3px;border-top-right-radius: 3px;margin: 0;\">\n<img src=\"http://173.212.247.73:8080/pro.teamkazi.com/files/system/default-stie-logo.png\" alt=\"PRO-KAZI\"><h1>Reset Password</h1>\n </div>\n <div style=\"padding: 20px; background-color: rgb(255, 255, 255); color:#555;\">                    <p style=\"font-size: 14px;\"> Hello {ACCOUNT_HOLDER_NAME},<br><br>A password reset request has been created for your account.&nbsp;</p>\n                    <p style=\"font-size: 14px;\"> To initiate the password reset process, please click on the following link:</p>\n                    <p style=\"font-size: 14px;\"><a href=\"{RESET_PASSWORD_URL}\" target=\"_blank\">Reset Password</a></p>\n                    <p style=\"font-size: 14px;\"></p>\n                    <p style=\"\"><span style=\"font-size: 14px; line-height: 20px;\"><br></span></p>\n<p style=\"\"><span style=\"font-size: 14px; line-height: 20px;\">If you\'ve received this mail in error, it\'s likely that another user entered your email address by mistake while trying to reset a password.</span><br></p>\n<p style=\"\"><span style=\"font-size: 14px; line-height: 20px;\">If you didn\'t initiate the request, you don\'t need to take any further action and can safely disregard this email.</span><br></p>\n<p style=\"font-size: 14px;\"><br></p>\n<p style=\"font-size: 14px;\">{SIGNATURE}</p>\n                </div>\n            </div>\n        </div>', 0);
INSERT INTO `email_templates` VALUES (3, 'team_member_invitation', 'You are invited', '<div style=\"background-color: #eeeeef; padding: 50px 0; \"><div style=\"max-width:640px; margin:0 auto; \"> <div style=\"color: #fff;text-align: center;background-color:#9ad4ea;padding: 30px;border-top-left-radius: 3px;border-top-right-radius: 3px;margin: 0;\">\n<img src=\"http://teamkazi.com/files/system/default-stie-logo.png\" alt=\"TeamKazi\"><h1>Account Invitation</h1>   </div>  <div style=\"padding: 20px; background-color: rgb(255, 255, 255);\">            <p style=\"\"><span style=\"color: rgb(85, 85, 85); font-size: 14px; line-height: 20px;\">Hello,</span><span style=\"color: rgb(85, 85, 85); font-size: 14px; line-height: 20px;\"><span style=\"font-weight: bold;\"><br></span></span></p>            <p style=\"\"><span style=\"color: rgb(85, 85, 85); font-size: 14px; line-height: 20px;\"><span style=\"font-weight: bold;\">{INVITATION_SENT_BY}</span> has sent you an invitation to join with a team.</span></p><p style=\"\"><span style=\"color: rgb(85, 85, 85); font-size: 14px; line-height: 20px;\"><br></span></p>            <p style=\"\"><span style=\"color: rgb(85, 85, 85); font-size: 14px; line-height: 20px;\"><a style=\"background-color: #00b393; padding: 10px 15px; color: #ffffff;\" href=\"{INVITATION_URL}\" target=\"_blank\">Accept this Invitation</a></span></p>            <p style=\"\"><span style=\"color: rgb(85, 85, 85); font-size: 14px; line-height: 20px;\"><br></span></p><p style=\"\"><span style=\"color: rgb(85, 85, 85); font-size: 14px; line-height: 20px;\">If you don\'t want to accept this invitation, simply ignore this email.</span><br><br></p>            <p style=\"color: rgb(85, 85, 85); font-size: 14px;\">{SIGNATURE}</p>        </div>    </div></div>', '<div style=\"background-color: #eeeeef; padding: 50px 0; \"><div style=\"max-width:640px; margin:0 auto; \"> <div style=\"color: #fff;text-align: center;background-color:#9ad4ea;padding: 30px;border-top-left-radius: 3px;border-top-right-radius: 3px;margin: 0;\">\n<img src=\"http://teamkazi.com/files/system/default-stie-logo.png\" alt=\"TeamKazi\"><h1>Account Invitation</h1>   </div>  <div style=\"padding: 20px; background-color: rgb(255, 255, 255);\">            <p style=\"\"><span style=\"color: rgb(85, 85, 85); font-size: 14px; line-height: 20px;\">Hello,</span><span style=\"color: rgb(85, 85, 85); font-size: 14px; line-height: 20px;\"><span style=\"font-weight: bold;\"><br></span></span></p>            <p style=\"\"><span style=\"color: rgb(85, 85, 85); font-size: 14px; line-height: 20px;\"><span style=\"font-weight: bold;\">{INVITATION_SENT_BY}</span> has sent you an invitation to join with a team.</span></p><p style=\"\"><span style=\"color: rgb(85, 85, 85); font-size: 14px; line-height: 20px;\"><br></span></p>            <p style=\"\"><span style=\"color: rgb(85, 85, 85); font-size: 14px; line-height: 20px;\"><a style=\"background-color: #00b393; padding: 10px 15px; color: #ffffff;\" href=\"{INVITATION_URL}\" target=\"_blank\">Accept this Invitation</a></span></p>            <p style=\"\"><span style=\"color: rgb(85, 85, 85); font-size: 14px; line-height: 20px;\"><br></span></p><p style=\"\"><span style=\"color: rgb(85, 85, 85); font-size: 14px; line-height: 20px;\">If you don\'t want to accept this invitation, simply ignore this email.</span><br><br></p>            <p style=\"color: rgb(85, 85, 85); font-size: 14px;\">{SIGNATURE}</p>        </div>    </div></div>', 0);
INSERT INTO `email_templates` VALUES (4, 'send_invoice', 'New invoice', '<div style=\"background-color: #eeeeef; padding: 50px 0; \"><div style=\"max-width:640px; margin:0 auto; \"> <div style=\"color: #fff;text-align: center;background-color:#9ad4ea;padding: 30px;border-top-left-radius: 3px;border-top-right-radius: 3px;margin: 0;\">\n<img src=\"http://teamkazi.com/files/system/default-stie-logo.png\" alt=\"TeamKazi\"><h1>INVOICE #{INVOICE_ID}</h1></div> <div style=\"padding: 20px; background-color: rgb(255, 255, 255);\">  <p style=\"\"><span style=\"color: rgb(85, 85, 85); font-size: 14px; line-height: 20px;\">Hello {CONTACT_FIRST_NAME},</span><br></p><p style=\"\"><span style=\"font-size: 14px; line-height: 20px;\">Thank you for your business cooperation.</span><br></p><p style=\"\"><span style=\"color: rgb(85, 85, 85); font-size: 14px; line-height: 20px;\">Your invoice for the project {PROJECT_TITLE} has been generated and is attached here.</span></p><p style=\"\"><br></p><p style=\"\"><span style=\"color: rgb(85, 85, 85); font-size: 14px; line-height: 20px;\"><a style=\"background-color: #00b393; padding: 10px 15px; color: #ffffff;\" href=\"{INVOICE_URL}\" target=\"_blank\">Show Invoice</a></span></p><p style=\"\"><span style=\"font-size: 14px; line-height: 20px;\"><br></span></p><p style=\"\"><span style=\"font-size: 14px; line-height: 20px;\">Invoice balance due is {BALANCE_DUE}</span><br></p><p style=\"\"><span style=\"color: rgb(85, 85, 85); font-size: 14px; line-height: 20px;\">Please pay this invoice within {DUE_DATE}.&nbsp;</span></p><p style=\"\"><span style=\"color: rgb(85, 85, 85); font-size: 14px; line-height: 20px;\"><br></span></p><p style=\"color: rgb(85, 85, 85); font-size: 14px;\">{SIGNATURE}</p>  </div> </div></div>', '<div style=\"background-color: #eeeeef; padding: 50px 0; \"><div style=\"max-width:640px; margin:0 auto; \"> <div style=\"color: #fff;text-align: center;background-color:#9ad4ea;padding: 30px;border-top-left-radius: 3px;border-top-right-radius: 3px;margin: 0;\">\n<img src=\"http://teamkazi.com/files/system/default-stie-logo.png\" alt=\"TeamKazi\"><h1>INVOICE #{INVOICE_ID}</h1></div> <div style=\"padding: 20px; background-color: rgb(255, 255, 255);\">  <p style=\"\"><span style=\"color: rgb(85, 85, 85); font-size: 14px; line-height: 20px;\">Hello {CONTACT_FIRST_NAME},</span><br></p><p style=\"\"><span style=\"font-size: 14px; line-height: 20px;\">Thank you for your business cooperation.</span><br></p><p style=\"\"><span style=\"color: rgb(85, 85, 85); font-size: 14px; line-height: 20px;\">Your invoice for the project {PROJECT_TITLE} has been generated and is attached here.</span></p><p style=\"\"><br></p><p style=\"\"><span style=\"color: rgb(85, 85, 85); font-size: 14px; line-height: 20px;\"><a style=\"background-color: #00b393; padding: 10px 15px; color: #ffffff;\" href=\"{INVOICE_URL}\" target=\"_blank\">Show Invoice</a></span></p><p style=\"\"><span style=\"font-size: 14px; line-height: 20px;\"><br></span></p><p style=\"\"><span style=\"font-size: 14px; line-height: 20px;\">Invoice balance due is {BALANCE_DUE}</span><br></p><p style=\"\"><span style=\"color: rgb(85, 85, 85); font-size: 14px; line-height: 20px;\">Please pay this invoice within {DUE_DATE}.&nbsp;</span></p><p style=\"\"><span style=\"color: rgb(85, 85, 85); font-size: 14px; line-height: 20px;\"><br></span></p><p style=\"color: rgb(85, 85, 85); font-size: 14px;\">{SIGNATURE}</p>  </div> </div></div>', 0);
INSERT INTO `email_templates` VALUES (5, 'signature', 'Signature', '<p>© TeamKazi. Powered By: <a href=\"https://wizag.biz/\" target=\"_blank\">Wise &amp; Agile Solutions Limited. </a></p>', '<p>© TeamKazi. Powered By: <a href=\"https://wizag.biz/\" target=\"_blank\">Wise &amp; Agile Solutions Limited. </a></p>', 0);
INSERT INTO `email_templates` VALUES (6, 'client_contact_invitation', 'You are invited', '<div style=\"background-color: #eeeeef; padding: 50px 0; \"><div style=\"max-width:640px; margin:0 auto; \"> <div style=\"color: #fff;text-align: center;background-color:#9ad4ea;padding: 30px;border-top-left-radius: 3px;border-top-right-radius: 3px;margin: 0;\">\n<img src=\"http://teamkazi.com/files/system/default-stie-logo.png\" alt=\"TeamKazi\"><h1>Account Invitation</h1> </div> <div style=\"padding: 20px; background-color: rgb(255, 255, 255);\">            <p style=\"\"><span style=\"color: rgb(85, 85, 85); font-size: 14px; line-height: 20px;\">Hello,</span><span style=\"color: rgb(85, 85, 85); font-size: 14px; line-height: 20px;\"><span style=\"font-weight: bold;\"><br></span></span></p>            <p style=\"\"><span style=\"color: rgb(85, 85, 85); font-size: 14px; line-height: 20px;\"><span style=\"font-weight: bold;\">{INVITATION_SENT_BY}</span> has sent you an invitation to a client portal.</span></p><p style=\"\"><span style=\"color: rgb(85, 85, 85); font-size: 14px; line-height: 20px;\"><br></span></p>            <p style=\"\"><span style=\"color: rgb(85, 85, 85); font-size: 14px; line-height: 20px;\"><a style=\"background-color: #00b393; padding: 10px 15px; color: #ffffff;\" href=\"{INVITATION_URL}\" target=\"_blank\">Accept this Invitation</a></span></p>            <p style=\"\"><span style=\"color: rgb(85, 85, 85); font-size: 14px; line-height: 20px;\"><br></span></p><p style=\"\"><span style=\"color: rgb(85, 85, 85); font-size: 14px; line-height: 20px;\">If you don\'t want to accept this invitation, simply ignore this email.</span><br><br></p>            <p style=\"color: rgb(85, 85, 85); font-size: 14px;\">{SIGNATURE}</p>        </div>    </div></div>', '<div style=\"background-color: #eeeeef; padding: 50px 0; \"><div style=\"max-width:640px; margin:0 auto; \"> <div style=\"color: #fff;text-align: center;background-color:#9ad4ea;padding: 30px;border-top-left-radius: 3px;border-top-right-radius: 3px;margin: 0;\">\n<img src=\"http://teamkazi.com/files/system/default-stie-logo.png\" alt=\"TeamKazi\"><h1>Account Invitation</h1> </div> <div style=\"padding: 20px; background-color: rgb(255, 255, 255);\">            <p style=\"\"><span style=\"color: rgb(85, 85, 85); font-size: 14px; line-height: 20px;\">Hello,</span><span style=\"color: rgb(85, 85, 85); font-size: 14px; line-height: 20px;\"><span style=\"font-weight: bold;\"><br></span></span></p>            <p style=\"\"><span style=\"color: rgb(85, 85, 85); font-size: 14px; line-height: 20px;\"><span style=\"font-weight: bold;\">{INVITATION_SENT_BY}</span> has sent you an invitation to a client portal.</span></p><p style=\"\"><span style=\"color: rgb(85, 85, 85); font-size: 14px; line-height: 20px;\"><br></span></p>            <p style=\"\"><span style=\"color: rgb(85, 85, 85); font-size: 14px; line-height: 20px;\"><a style=\"background-color: #00b393; padding: 10px 15px; color: #ffffff;\" href=\"{INVITATION_URL}\" target=\"_blank\">Accept this Invitation</a></span></p>            <p style=\"\"><span style=\"color: rgb(85, 85, 85); font-size: 14px; line-height: 20px;\"><br></span></p><p style=\"\"><span style=\"color: rgb(85, 85, 85); font-size: 14px; line-height: 20px;\">If you don\'t want to accept this invitation, simply ignore this email.</span><br><br></p>            <p style=\"color: rgb(85, 85, 85); font-size: 14px;\">{SIGNATURE}</p>        </div>    </div></div>', 0);
INSERT INTO `email_templates` VALUES (7, 'ticket_created', 'Ticket  #{TICKET_ID} - {TICKET_TITLE}', '<div style=\"background-color: #eeeeef; padding: 50px 0; \"><div style=\"max-width:640px; margin:0 auto; \"> <div style=\"color: #fff;text-align: center;background-color:#9ad4ea;padding: 30px;border-top-left-radius: 3px;border-top-right-radius: 3px;margin: 0;\">\n<img src=\"http://teamkazi.com/files/system/default-stie-logo.png\" alt=\"TeamKazi\"><h1>Ticket #{TICKET_ID} Opened</h1></div><div style=\"padding: 20px; background-color: rgb(255, 255, 255);\"><p style=\"\"><span style=\"line-height: 18.5714px; font-weight: bold;\">Title: {TICKET_TITLE}</span><span style=\"line-height: 18.5714px;\"><br></span></p><p style=\"\"><span style=\"line-height: 18.5714px;\">{TICKET_CONTENT}</span><br></p> <p style=\"\"><br></p> <p style=\"\"><span style=\"color: rgb(85, 85, 85); font-size: 14px; line-height: 20px;\"><a style=\"background-color: #00b393; padding: 10px 15px; color: #ffffff;\" href=\"{TICKET_URL}\" target=\"_blank\">Show Ticket</a></span></p> <p style=\"\"><br></p><p style=\"\">Regards,</p><p style=\"\"><span style=\"line-height: 18.5714px;\">{USER_NAME}</span><br></p>   </div>  </div> </div>', '<div style=\"background-color: #eeeeef; padding: 50px 0; \"><div style=\"max-width:640px; margin:0 auto; \"> <div style=\"color: #fff;text-align: center;background-color:#9ad4ea;padding: 30px;border-top-left-radius: 3px;border-top-right-radius: 3px;margin: 0;\">\n<img src=\"http://teamkazi.com/files/system/default-stie-logo.png\" alt=\"TeamKazi\"><h1>Ticket #{TICKET_ID} Opened</h1></div><div style=\"padding: 20px; background-color: rgb(255, 255, 255);\"><p style=\"\"><span style=\"line-height: 18.5714px; font-weight: bold;\">Title: {TICKET_TITLE}</span><span style=\"line-height: 18.5714px;\"><br></span></p><p style=\"\"><span style=\"line-height: 18.5714px;\">{TICKET_CONTENT}</span><br></p> <p style=\"\"><br></p> <p style=\"\"><span style=\"color: rgb(85, 85, 85); font-size: 14px; line-height: 20px;\"><a style=\"background-color: #00b393; padding: 10px 15px; color: #ffffff;\" href=\"{TICKET_URL}\" target=\"_blank\">Show Ticket</a></span></p> <p style=\"\"><br></p><p style=\"\">Regards,</p><p style=\"\"><span style=\"line-height: 18.5714px;\">{USER_NAME}</span><br></p>   </div>  </div> </div>', 0);
INSERT INTO `email_templates` VALUES (8, 'ticket_commented', 'Ticket  #{TICKET_ID} - {TICKET_TITLE}', '<div style=\"background-color: #eeeeef; padding: 50px 0; \"><div style=\"max-width:640px; margin:0 auto; \"> <div style=\"color: #fff;text-align: center;background-color:#9ad4ea;padding: 30px;border-top-left-radius: 3px;border-top-right-radius: 3px;margin: 0;\">\n<img src=\"http://teamkazi.com/files/system/default-stie-logo.png\" alt=\"TeamKazi\"><h1>Ticket #{TICKET_ID} Replies</h1></div><div style=\"padding: 20px; background-color: rgb(255, 255, 255);\"><p style=\"\"><span style=\"line-height: 18.5714px; font-weight: bold;\">Title: {TICKET_TITLE}</span><span style=\"line-height: 18.5714px;\"><br></span></p><p style=\"\"><span style=\"line-height: 18.5714px;\">{TICKET_CONTENT}</span></p><p style=\"\"><span style=\"line-height: 18.5714px;\"><br></span></p><p style=\"\"><span style=\"color: rgb(85, 85, 85); font-size: 14px; line-height: 20px;\"><a style=\"background-color: #00b393; padding: 10px 15px; color: #ffffff;\" href=\"{TICKET_URL}\" target=\"_blank\">Show Ticket</a></span></p></div></div></div>', '<div style=\"background-color: #eeeeef; padding: 50px 0; \"><div style=\"max-width:640px; margin:0 auto; \"> <div style=\"color: #fff;text-align: center;background-color:#9ad4ea;padding: 30px;border-top-left-radius: 3px;border-top-right-radius: 3px;margin: 0;\">\n<img src=\"http://teamkazi.com/files/system/default-stie-logo.png\" alt=\"TeamKazi\"><h1>Ticket #{TICKET_ID} Replies</h1></div><div style=\"padding: 20px; background-color: rgb(255, 255, 255);\"><p style=\"\"><span style=\"line-height: 18.5714px; font-weight: bold;\">Title: {TICKET_TITLE}</span><span style=\"line-height: 18.5714px;\"><br></span></p><p style=\"\"><span style=\"line-height: 18.5714px;\">{TICKET_CONTENT}</span></p><p style=\"\"><span style=\"line-height: 18.5714px;\"><br></span></p><p style=\"\"><span style=\"color: rgb(85, 85, 85); font-size: 14px; line-height: 20px;\"><a style=\"background-color: #00b393; padding: 10px 15px; color: #ffffff;\" href=\"{TICKET_URL}\" target=\"_blank\">Show Ticket</a></span></p></div></div></div>', 0);
INSERT INTO `email_templates` VALUES (9, 'ticket_closed', 'Ticket  #{TICKET_ID} - {TICKET_TITLE}', '<div style=\"background-color: #eeeeef; padding: 50px 0; \"><div style=\"max-width:640px; margin:0 auto; \"> <div style=\"color: #fff;text-align: center;background-color:#9ad4ea;padding: 30px;border-top-left-radius: 3px;border-top-right-radius: 3px;margin: 0;\">\n<img src=\"http://teamkazi.com/files/system/default-stie-logo.png\" alt=\"TeamKazi\"><h1>Ticket #{TICKET_ID}</h1></div><div style=\"padding: 20px; background-color: rgb(255, 255, 255);\"><p style=\"\"><span style=\"line-height: 18.5714px;\">The Ticket #{TICKET_ID} has been closed by&nbsp;</span><span style=\"line-height: 18.5714px;\">{USER_NAME}</span></p> <p style=\"\"><br></p> <p style=\"\"><span style=\"color: rgb(85, 85, 85); font-size: 14px; line-height: 20px;\"><a style=\"background-color: #00b393; padding: 10px 15px; color: #ffffff;\" href=\"{TICKET_URL}\" target=\"_blank\">Show Ticket</a></span></p>   </div>  </div> </div>', '<div style=\"background-color: #eeeeef; padding: 50px 0; \"><div style=\"max-width:640px; margin:0 auto; \"> <div style=\"color: #fff;text-align: center;background-color:#9ad4ea;padding: 30px;border-top-left-radius: 3px;border-top-right-radius: 3px;margin: 0;\">\n<img src=\"http://teamkazi.com/files/system/default-stie-logo.png\" alt=\"TeamKazi\"><h1>Ticket #{TICKET_ID}</h1></div><div style=\"padding: 20px; background-color: rgb(255, 255, 255);\"><p style=\"\"><span style=\"line-height: 18.5714px;\">The Ticket #{TICKET_ID} has been closed by&nbsp;</span><span style=\"line-height: 18.5714px;\">{USER_NAME}</span></p> <p style=\"\"><br></p> <p style=\"\"><span style=\"color: rgb(85, 85, 85); font-size: 14px; line-height: 20px;\"><a style=\"background-color: #00b393; padding: 10px 15px; color: #ffffff;\" href=\"{TICKET_URL}\" target=\"_blank\">Show Ticket</a></span></p>   </div>  </div> </div>', 0);
INSERT INTO `email_templates` VALUES (10, 'ticket_reopened', 'Ticket  #{TICKET_ID} - {TICKET_TITLE}', '<div style=\"background-color: #eeeeef; padding: 50px 0; \"><div style=\"max-width:640px; margin:0 auto; \"> <div style=\"color: #fff;text-align: center;background-color:#9ad4ea;padding: 30px;border-top-left-radius: 3px;border-top-right-radius: 3px;margin: 0;\">\n<img src=\"http://teamkazi.com/files/system/default-stie-logo.png\" alt=\"TeamKazi\"><h1>Ticket #{TICKET_ID}</h1></div><div style=\"padding: 20px; background-color: rgb(255, 255, 255);\"><p style=\"\"><span style=\"line-height: 18.5714px;\">The Ticket #{TICKET_ID} has been reopened by&nbsp;</span><span style=\"line-height: 18.5714px;\">{USER_NAME}</span></p><p style=\"\"><br></p><p style=\"\"><span style=\"color: rgb(85, 85, 85); font-size: 14px; line-height: 20px;\"><a style=\"background-color: #00b393; padding: 10px 15px; color: #ffffff;\" href=\"{TICKET_URL}\" target=\"_blank\">Show Ticket</a></span></p>  </div> </div></div>', '<div style=\"background-color: #eeeeef; padding: 50px 0; \"><div style=\"max-width:640px; margin:0 auto; \"> <div style=\"color: #fff;text-align: center;background-color:#9ad4ea;padding: 30px;border-top-left-radius: 3px;border-top-right-radius: 3px;margin: 0;\">\n<img src=\"http://teamkazi.com/files/system/default-stie-logo.png\" alt=\"TeamKazi\"><h1>Ticket #{TICKET_ID}</h1></div><div style=\"padding: 20px; background-color: rgb(255, 255, 255);\"><p style=\"\"><span style=\"line-height: 18.5714px;\">The Ticket #{TICKET_ID} has been reopened by&nbsp;</span><span style=\"line-height: 18.5714px;\">{USER_NAME}</span></p><p style=\"\"><br></p><p style=\"\"><span style=\"color: rgb(85, 85, 85); font-size: 14px; line-height: 20px;\"><a style=\"background-color: #00b393; padding: 10px 15px; color: #ffffff;\" href=\"{TICKET_URL}\" target=\"_blank\">Show Ticket</a></span></p>  </div> </div></div>', 1);
INSERT INTO `email_templates` VALUES (11, 'general_notification', '{EVENT_TITLE}', '<div style=\"background-color: #eeeeef; padding: 50px 0; \"><div style=\"max-width:640px; margin:0 auto; \"> <div style=\"color: #fff;text-align: center;background-color:#9ad4ea;padding: 30px;border-top-left-radius: 3px;border-top-right-radius: 3px;margin: 0;\">\n<img src=\"http://teamkazi.com/files/system/default-stie-logo.png\" alt=\"TeamKazi\"><h1>{APP_TITLE}</h1></div><div style=\"padding: 20px; background-color: rgb(255, 255, 255);\"><p style=\"\"><span style=\"line-height: 18.5714px;\">{EVENT_TITLE}</span></p><p style=\"\"><span style=\"line-height: 18.5714px;\">{EVENT_DETAILS}</span></p><p style=\"\"><span style=\"line-height: 18.5714px;\"><br></span></p><p style=\"\"><span style=\"line-height: 18.5714px;\"></span></p><p style=\"\"><span style=\"color: rgb(85, 85, 85); font-size: 14px; line-height: 20px;\"><a style=\"background-color: #4f0158; padding: 10px 15px; color: #ffffff;\" href=\"{NOTIFICATION_URL}\" target=\"_blank\">View Details</a></span></p>  </div> </div></div>', '<div style=\"background-color: #eeeeef; padding: 50px 0; \"><div style=\"max-width:640px; margin:0 auto; \"> <div style=\"color: #fff;text-align: center;background-color:#9ad4ea;padding: 30px;border-top-left-radius: 3px;border-top-right-radius: 3px;margin: 0;\">\n<img src=\"http://teamkazi.com/files/system/default-stie-logo.png\" alt=\"TeamKazi\"><h1>{APP_TITLE}</h1></div><div style=\"padding: 20px; background-color: rgb(255, 255, 255);\"><p style=\"\"><span style=\"line-height: 18.5714px;\">{EVENT_TITLE}</span></p><p style=\"\"><span style=\"line-height: 18.5714px;\">{EVENT_DETAILS}</span></p><p style=\"\"><span style=\"line-height: 18.5714px;\"><br></span></p><p style=\"\"><span style=\"line-height: 18.5714px;\"></span></p><p style=\"\"><span style=\"color: rgb(85, 85, 85); font-size: 14px; line-height: 20px;\"><a style=\"background-color: #4f0158; padding: 10px 15px; color: #ffffff;\" href=\"{NOTIFICATION_URL}\" target=\"_blank\">View Details</a></span></p>  </div> </div></div>', 1);
INSERT INTO `email_templates` VALUES (12, 'petty_cash', 'Petty Cash', '<div style=\"background-color: #eeeeef; padding: 50px 0; \"> <div style=\"max-width:640px; margin:0 auto; \"> <div style=\"color: #fff;text-align: center;background-color:#9ad4ea;padding: 30px;border-top-left-radius: 3px;border-top-right-radius: 3px;margin: 0;\"> <img src=\"http://173.212.247.73:8080/pro.teamkazi.com/dashboard\" alt=\"Pro-Kazi\"> <h1>PETTY CASH #{PETTY_CASH_ID}</h1> </div> <div style=\"padding: 20px; background-color: rgb(255, 255, 255);\"> <p style=\"\"><span style=\"color: rgb(85, 85, 85); font-size: 14px; line-height: 20px;\">Hello {CONTACT_FIRST_NAME},</span><br></p> <p style=\"\"> <span style=\"font-size: 14px; line-height: 20px;\"> <!-- Thank you for your business cooperation. --> </span> <br> </p> <p style=\"\"><span style=\"color: rgb(85, 85, 85); font-size: 14px; line-height: 20px;\">Your Petty Cash Refund Claim Amounting To {PETTY_CASH_AMOUNT}, For {PETTY_CASH_NAME} Requested On {PETTY_CASH_REQUEST_DATE} Has Been Received And {PETTY_CASH_STATUS}</span></p> <p style=\"\"><span style=\"color: rgb(85, 85, 85); font-size: 14px; line-height: 20px;\"><br></span></p> <p style=\"color: rgb(85, 85, 85); font-size: 14px;\">{SIGNATURE}</p> </div> </div></div>', '<div style=\"background-color: #eeeeef; padding: 50px 0; \"> <div style=\"max-width:640px; margin:0 auto; \"> <div style=\"color: #fff;text-align: center;background-color:#9ad4ea;padding: 30px;border-top-left-radius: 3px;border-top-right-radius: 3px;margin: 0;\"> <img src=\"http://173.212.247.73:8080/pro.teamkazi.com/dashboard\" alt=\"Pro-Kazi\"> <h1>PETTY CASH #{PETTY_CASH_ID}</h1> </div> <div style=\"padding: 20px; background-color: rgb(255, 255, 255);\"> <p style=\"\"><span style=\"color: rgb(85, 85, 85); font-size: 14px; line-height: 20px;\">Hello {CONTACT_FIRST_NAME},</span><br></p> <p style=\"\"> <span style=\"font-size: 14px; line-height: 20px;\"> <!-- Thank you for your business cooperation. --> </span> <br> </p> <p style=\"\"><span style=\"color: rgb(85, 85, 85); font-size: 14px; line-height: 20px;\">Your Petty Cash Refund Claim Amounting To {PETTY_CASH_AMOUNT}, For {PETTY_CASH_NAME} Requested On {PETTY_CASH_REQUEST_DATE} Has Been Received And {PETTY_CASH_STATUS}</span></p> <p style=\"\"><span style=\"color: rgb(85, 85, 85); font-size: 14px; line-height: 20px;\"><br></span></p> <p style=\"color: rgb(85, 85, 85); font-size: 14px;\">{SIGNATURE}</p> </div> </div></div>', 0);
INSERT INTO `email_templates` VALUES (13, 'inventory_requisitions', 'Inventory Requisitions', '<div style=\"background-color: #eeeeef; padding: 50px 0; \"> <div style=\"max-width:640px; margin:0 auto; \"> <div style=\"color: #fff;text-align: center;background-color:#9ad4ea;padding: 30px;border-top-left-radius: 3px;border-top-right-radius: 3px;margin: 0;\"> <img src=\"http://173.212.247.73:8080/pro.teamkazi.com/dashboard\" alt=\"Pro-Kazi\"> <h1>INVENTORY REQUISITIONS #{INVENTORY_REQUISITIONS_ID}</h1> </div> <div style=\"padding: 20px; background-color: rgb(255, 255, 255);\"> <p style=\"\"><span style=\"color: rgb(85, 85, 85); font-size: 14px; line-height: 20px;\">Hello {CONTACT_FIRST_NAME},</span><br></p> <p style=\"\"> <span style=\"font-size: 14px; line-height: 20px;\"> <!-- Thank you for your business cooperation. --> </span> <br> </p> <p style=\"\"><span style=\"color: rgb(85, 85, 85); font-size: 14px; line-height: 20px;\">Your Inventory Requisite For {INVENTORY_REQUISITIONS_QUANTITY} {INVENTORY_REQUISITIONS_NAME} Requested On {INVENTORY_REQUISITIONS_REQUEST_DATE} has been {INVENTORY_REQUISITIONS_STATUS}</span></p> <p style=\"\"><span style=\"color: rgb(85, 85, 85); font-size: 14px; line-height: 20px;\"><br></span></p> <p style=\"color: rgb(85, 85, 85); font-size: 14px;\">{SIGNATURE}</p> </div> </div></div>', '<div style=\"background-color: #eeeeef; padding: 50px 0; \"> <div style=\"max-width:640px; margin:0 auto; \"> <div style=\"color: #fff;text-align: center;background-color:#9ad4ea;padding: 30px;border-top-left-radius: 3px;border-top-right-radius: 3px;margin: 0;\"> <img src=\"http://173.212.247.73:8080/pro.teamkazi.com/dashboard\" alt=\"Pro-Kazi\"> <h1>INVENTORY REQUISITIONS #{INVENTORY_REQUISITIONS_ID}</h1> </div> <div style=\"padding: 20px; background-color: rgb(255, 255, 255);\"> <p style=\"\"><span style=\"color: rgb(85, 85, 85); font-size: 14px; line-height: 20px;\">Hello {CONTACT_FIRST_NAME},</span><br></p> <p style=\"\"> <span style=\"font-size: 14px; line-height: 20px;\"> <!-- Thank you for your business cooperation. --> </span> <br> </p> <p style=\"\"><span style=\"color: rgb(85, 85, 85); font-size: 14px; line-height: 20px;\">Your Inventory Requisite For {INVENTORY_REQUISITIONS_QUANTITY} {INVENTORY_REQUISITIONS_NAME} Requested On {INVENTORY_REQUISITIONS_REQUEST_DATE} has been {INVENTORY_REQUISITIONS_STATUS}</span></p> <p style=\"\"><span style=\"color: rgb(85, 85, 85); font-size: 14px; line-height: 20px;\"><br></span></p> <p style=\"color: rgb(85, 85, 85); font-size: 14px;\">{SIGNATURE}</p> </div> </div></div>', 0);

-- ----------------------------
-- Table structure for escalation_matrix
-- ----------------------------
DROP TABLE IF EXISTS `escalation_matrix`;
CREATE TABLE `escalation_matrix`  (
  `id` int(11) NOT NULL AUTO_INCREMENT,
  `escalation_matrix` varchar(255) CHARACTER SET latin1 COLLATE latin1_swedish_ci NOT NULL,
  `agent_name` varchar(255) CHARACTER SET latin1 COLLATE latin1_swedish_ci NOT NULL,
  `escalation` varchar(255) CHARACTER SET latin1 COLLATE latin1_swedish_ci NOT NULL,
  `created_by` int(11) NULL DEFAULT NULL,
  `assigned_date` timestamp(0) NOT NULL DEFAULT CURRENT_TIMESTAMP,
  `updated_date` timestamp(0) NULL DEFAULT NULL ON UPDATE CURRENT_TIMESTAMP(0),
  `deleted` int(11) NOT NULL DEFAULT 0,
  PRIMARY KEY (`id`) USING BTREE,
  INDEX `created_by`(`created_by`) USING BTREE,
  CONSTRAINT `escalation_matrix_ibfk_1` FOREIGN KEY (`created_by`) REFERENCES `users` (`id`) ON DELETE RESTRICT ON UPDATE RESTRICT
) ENGINE = InnoDB AUTO_INCREMENT = 7 CHARACTER SET = latin1 COLLATE = latin1_swedish_ci ROW_FORMAT = Compact;

-- ----------------------------
-- Records of escalation_matrix
-- ----------------------------
INSERT INTO `escalation_matrix` VALUES (1, 'exiting', '114,113,5,89', '30', NULL, '2017-12-03 16:40:15', NULL, 0);
INSERT INTO `escalation_matrix` VALUES (2, 'UberX', '114,113,5,89', '30', NULL, '2017-12-03 17:16:12', NULL, 0);
INSERT INTO `escalation_matrix` VALUES (3, 'test', '114', '30', NULL, '2017-12-03 17:17:54', NULL, 0);
INSERT INTO `escalation_matrix` VALUES (4, 'test', '5', '30', NULL, '2017-12-03 17:19:01', NULL, 0);
INSERT INTO `escalation_matrix` VALUES (5, 'y', '5', '30', NULL, '2017-12-03 17:19:45', NULL, 0);
INSERT INTO `escalation_matrix` VALUES (6, 'UberX', '115', '30', NULL, '2017-12-06 08:56:57', NULL, 0);

-- ----------------------------
-- Table structure for estimate_forms
-- ----------------------------
DROP TABLE IF EXISTS `estimate_forms`;
CREATE TABLE `estimate_forms`  (
  `id` int(11) NOT NULL AUTO_INCREMENT,
  `title` text CHARACTER SET utf8 COLLATE utf8_unicode_ci NOT NULL,
  `description` longtext CHARACTER SET utf8 COLLATE utf8_unicode_ci NOT NULL,
  `status` enum('active','inactive') CHARACTER SET utf8 COLLATE utf8_unicode_ci NOT NULL,
  `deleted` tinyint(1) NOT NULL DEFAULT 0,
  PRIMARY KEY (`id`) USING BTREE
) ENGINE = InnoDB AUTO_INCREMENT = 2 CHARACTER SET = utf8 COLLATE = utf8_unicode_ci ROW_FORMAT = Compact;

-- ----------------------------
-- Records of estimate_forms
-- ----------------------------
INSERT INTO `estimate_forms` VALUES (1, 'H - Test Estimate form', '', 'active', 1);

-- ----------------------------
-- Table structure for estimate_items
-- ----------------------------
DROP TABLE IF EXISTS `estimate_items`;
CREATE TABLE `estimate_items`  (
  `id` int(11) NOT NULL AUTO_INCREMENT,
  `title` text CHARACTER SET utf8 COLLATE utf8_unicode_ci NOT NULL,
  `description` text CHARACTER SET utf8 COLLATE utf8_unicode_ci NULL,
  `quantity` double NOT NULL,
  `unit_type` varchar(20) CHARACTER SET utf8 COLLATE utf8_unicode_ci NOT NULL DEFAULT '',
  `rate` double NOT NULL,
  `total` double NOT NULL,
  `estimate_id` int(11) NOT NULL,
  `deleted` tinyint(1) NOT NULL DEFAULT 0,
  PRIMARY KEY (`id`) USING BTREE
) ENGINE = InnoDB AUTO_INCREMENT = 1 CHARACTER SET = utf8 COLLATE = utf8_unicode_ci ROW_FORMAT = Compact;

-- ----------------------------
-- Table structure for estimate_requests
-- ----------------------------
DROP TABLE IF EXISTS `estimate_requests`;
CREATE TABLE `estimate_requests`  (
  `id` int(11) NOT NULL AUTO_INCREMENT,
  `estimate_form_id` int(11) NOT NULL,
  `created_by` int(11) NOT NULL,
  `created_at` datetime(0) NOT NULL,
  `client_id` int(11) NOT NULL,
  `assigned_to` int(11) NOT NULL,
  `status` enum('new','processing','hold','canceled','estimated') CHARACTER SET utf8 COLLATE utf8_unicode_ci NOT NULL DEFAULT 'new',
  `deleted` tinyint(1) NOT NULL DEFAULT 0,
  PRIMARY KEY (`id`) USING BTREE
) ENGINE = InnoDB AUTO_INCREMENT = 1 CHARACTER SET = utf8 COLLATE = utf8_unicode_ci ROW_FORMAT = Compact;

-- ----------------------------
-- Table structure for estimates
-- ----------------------------
DROP TABLE IF EXISTS `estimates`;
CREATE TABLE `estimates`  (
  `id` int(11) NOT NULL AUTO_INCREMENT,
  `client_id` int(11) NOT NULL,
  `estimate_request_id` int(11) NOT NULL DEFAULT 0,
  `estimate_date` date NOT NULL,
  `valid_until` date NOT NULL,
  `note` mediumtext CHARACTER SET utf8 COLLATE utf8_unicode_ci NULL,
  `last_email_sent_date` date NULL DEFAULT NULL,
  `status` enum('draft','sent','accepted','declined') CHARACTER SET utf8 COLLATE utf8_unicode_ci NOT NULL DEFAULT 'draft',
  `tax_id` int(11) NOT NULL DEFAULT 0,
  `tax_id2` int(11) NOT NULL DEFAULT 0,
  `deleted` tinyint(1) NOT NULL DEFAULT 0,
  PRIMARY KEY (`id`) USING BTREE
) ENGINE = InnoDB AUTO_INCREMENT = 2 CHARACTER SET = utf8 COLLATE = utf8_unicode_ci ROW_FORMAT = Compact;

-- ----------------------------
-- Records of estimates
-- ----------------------------
INSERT INTO `estimates` VALUES (1, 1, 0, '2017-03-01', '2017-03-01', '300000', NULL, 'draft', 1, 0, 0);

-- ----------------------------
-- Table structure for events
-- ----------------------------
DROP TABLE IF EXISTS `events`;
CREATE TABLE `events`  (
  `id` int(11) NOT NULL AUTO_INCREMENT,
  `title` text CHARACTER SET utf8 COLLATE utf8_unicode_ci NOT NULL,
  `description` mediumtext CHARACTER SET utf8 COLLATE utf8_unicode_ci NOT NULL,
  `start_date` date NOT NULL,
  `end_date` date NOT NULL,
  `start_time` time(0) NULL DEFAULT NULL,
  `end_time` time(0) NULL DEFAULT NULL,
  `created_by` int(11) NOT NULL,
  `location` mediumtext CHARACTER SET utf8 COLLATE utf8_unicode_ci NULL,
  `share_with` mediumtext CHARACTER SET utf8 COLLATE utf8_unicode_ci NULL,
  `deleted` int(1) NOT NULL DEFAULT 0,
  `color` varchar(15) CHARACTER SET utf8 COLLATE utf8_unicode_ci NOT NULL,
  PRIMARY KEY (`id`) USING BTREE,
  INDEX `created_by`(`created_by`) USING BTREE
) ENGINE = InnoDB AUTO_INCREMENT = 8 CHARACTER SET = utf8 COLLATE = utf8_unicode_ci ROW_FORMAT = Compact;

-- ----------------------------
-- Records of events
-- ----------------------------
INSERT INTO `events` VALUES (1, 'Team Buliding', 'Enashipai Resort', '2017-03-25', '2017-03-26', '12:00:00', '16:00:00', 6, 'Nakuru', 'all', 0, '#d43480');
INSERT INTO `events` VALUES (2, 'fhfghjg', 'vbcbc', '2017-04-15', '2017-04-15', '14:05:00', '19:15:00', 6, 'ujjgh', '', 0, '#83c340');
INSERT INTO `events` VALUES (3, 'test1', 'test1', '2017-03-27', '2017-03-27', '00:00:00', '00:00:00', 7, '', '', 0, '#83c340');
INSERT INTO `events` VALUES (4, 'tuesday event', 'tuesday event checking', '2017-04-18', '2017-04-19', '01:00:00', '13:00:00', 7, '', '', 0, '#83c340');
INSERT INTO `events` VALUES (5, 'Testing', 'Party', '2017-04-21', '2017-04-21', '13:00:00', '14:00:00', 6, '', 'all', 0, '#83c340');
INSERT INTO `events` VALUES (6, 'another one', 'sdf', '2017-04-21', '2017-04-21', '00:00:00', '00:00:00', 6, '', '', 0, '#83c340');
INSERT INTO `events` VALUES (7, 'erwrewr', 'Policy', '2017-12-12', '2017-12-22', NULL, NULL, 5, 'N/A', '113', 0, '#d43480');

-- ----------------------------
-- Table structure for expense_categories
-- ----------------------------
DROP TABLE IF EXISTS `expense_categories`;
CREATE TABLE `expense_categories`  (
  `id` int(11) NOT NULL AUTO_INCREMENT,
  `title` text CHARACTER SET utf8 COLLATE utf8_unicode_ci NOT NULL,
  `deleted` tinyint(1) NOT NULL DEFAULT 0,
  PRIMARY KEY (`id`) USING BTREE
) ENGINE = InnoDB AUTO_INCREMENT = 2 CHARACTER SET = utf8 COLLATE = utf8_unicode_ci ROW_FORMAT = Compact;

-- ----------------------------
-- Records of expense_categories
-- ----------------------------
INSERT INTO `expense_categories` VALUES (1, 'Miscellaneous expense', 0);

-- ----------------------------
-- Table structure for expenses
-- ----------------------------
DROP TABLE IF EXISTS `expenses`;
CREATE TABLE `expenses`  (
  `id` int(11) NOT NULL AUTO_INCREMENT,
  `expense_date` date NOT NULL,
  `category_id` int(11) NOT NULL,
  `description` mediumtext CHARACTER SET utf8 COLLATE utf8_unicode_ci NULL,
  `amount` double NOT NULL,
  `files` mediumtext CHARACTER SET utf8 COLLATE utf8_unicode_ci NOT NULL,
  `title` text CHARACTER SET utf8 COLLATE utf8_unicode_ci NOT NULL,
  `project_id` int(11) NOT NULL DEFAULT 0,
  `user_id` int(11) NOT NULL DEFAULT 0,
  `deleted` tinyint(1) NOT NULL DEFAULT 0,
  PRIMARY KEY (`id`) USING BTREE
) ENGINE = InnoDB AUTO_INCREMENT = 1 CHARACTER SET = utf8 COLLATE = utf8_unicode_ci ROW_FORMAT = Compact;

-- ----------------------------
-- Table structure for inventory_requisitions
-- ----------------------------
DROP TABLE IF EXISTS `inventory_requisitions`;
CREATE TABLE `inventory_requisitions`  (
  `id` int(11) NOT NULL AUTO_INCREMENT,
  `user_id` int(11) NOT NULL,
  `item_id` int(11) NOT NULL,
  `item_name` varchar(255) CHARACTER SET latin1 COLLATE latin1_swedish_ci NOT NULL,
  `item_quantity` varchar(255) CHARACTER SET latin1 COLLATE latin1_swedish_ci NOT NULL,
  `item_cost` varchar(255) CHARACTER SET latin1 COLLATE latin1_swedish_ci NOT NULL,
  `created_at` timestamp(0) NOT NULL DEFAULT CURRENT_TIMESTAMP ON UPDATE CURRENT_TIMESTAMP(0),
  `updated_at` timestamp(0) NULL DEFAULT NULL ON UPDATE CURRENT_TIMESTAMP(0),
  `status` varchar(255) CHARACTER SET latin1 COLLATE latin1_swedish_ci NOT NULL DEFAULT 'Pending',
  `approver_id` int(11) NOT NULL,
  `deleted` int(11) NOT NULL DEFAULT 0,
  PRIMARY KEY (`id`) USING BTREE
) ENGINE = InnoDB AUTO_INCREMENT = 20 CHARACTER SET = latin1 COLLATE = latin1_swedish_ci ROW_FORMAT = Compact;

-- ----------------------------
-- Records of inventory_requisitions
-- ----------------------------
INSERT INTO `inventory_requisitions` VALUES (17, 113, 2, 'Mouse', '3', '750', '2017-12-05 20:25:54', '2017-12-05 20:25:54', 'Approved', 0, 0);
INSERT INTO `inventory_requisitions` VALUES (18, 5, 2, 'Mouse', '4', '1000', '2017-12-05 12:52:46', '2017-12-05 12:52:46', 'Approved', 0, 0);
INSERT INTO `inventory_requisitions` VALUES (19, 113, 1, 'Test', '2', '0', '2017-12-05 15:26:26', '2017-12-05 15:26:26', 'Disapproved', 0, 0);

-- ----------------------------
-- Table structure for invoice_items
-- ----------------------------
DROP TABLE IF EXISTS `invoice_items`;
CREATE TABLE `invoice_items`  (
  `id` int(11) NOT NULL AUTO_INCREMENT,
  `title` text CHARACTER SET utf8 COLLATE utf8_unicode_ci NOT NULL,
  `description` text CHARACTER SET utf8 COLLATE utf8_unicode_ci NULL,
  `quantity` double NOT NULL,
  `unit_type` varchar(20) CHARACTER SET utf8 COLLATE utf8_unicode_ci NOT NULL DEFAULT '',
  `rate` double NOT NULL,
  `total` double NOT NULL,
  `invoice_id` int(11) NOT NULL,
  `deleted` tinyint(1) NOT NULL DEFAULT 0,
  PRIMARY KEY (`id`) USING BTREE
) ENGINE = InnoDB AUTO_INCREMENT = 2 CHARACTER SET = utf8 COLLATE = utf8_unicode_ci ROW_FORMAT = Compact;

-- ----------------------------
-- Records of invoice_items
-- ----------------------------
INSERT INTO `invoice_items` VALUES (1, 'hdhjdj', '', 10, 'ets', 5000, 50000, 3, 0);

-- ----------------------------
-- Table structure for invoice_payments
-- ----------------------------
DROP TABLE IF EXISTS `invoice_payments`;
CREATE TABLE `invoice_payments`  (
  `id` int(11) NOT NULL AUTO_INCREMENT,
  `amount` double NOT NULL,
  `payment_date` date NOT NULL,
  `payment_method_id` int(11) NOT NULL,
  `note` text CHARACTER SET utf8 COLLATE utf8_unicode_ci NULL,
  `invoice_id` int(11) NOT NULL,
  `deleted` tinyint(1) NOT NULL DEFAULT 0,
  `transaction_id` tinytext CHARACTER SET utf8 COLLATE utf8_unicode_ci NULL,
  `created_by` int(11) NULL DEFAULT 1,
  `created_at` datetime(0) NULL DEFAULT NULL,
  PRIMARY KEY (`id`) USING BTREE,
  INDEX `id`(`id`) USING BTREE,
  INDEX `id_2`(`id`) USING BTREE
) ENGINE = InnoDB AUTO_INCREMENT = 1 CHARACTER SET = utf8 COLLATE = utf8_unicode_ci ROW_FORMAT = Compact;

-- ----------------------------
-- Table structure for invoices
-- ----------------------------
DROP TABLE IF EXISTS `invoices`;
CREATE TABLE `invoices`  (
  `id` int(11) NOT NULL AUTO_INCREMENT,
  `client_id` int(11) NOT NULL,
  `project_id` int(11) NOT NULL DEFAULT 0,
  `bill_date` date NOT NULL,
  `due_date` date NOT NULL,
  `note` mediumtext CHARACTER SET utf8 COLLATE utf8_unicode_ci NULL,
  `last_email_sent_date` date NULL DEFAULT NULL,
  `status` enum('draft','not_paid') CHARACTER SET utf8 COLLATE utf8_unicode_ci NOT NULL DEFAULT 'draft',
  `tax_id` int(11) NOT NULL DEFAULT 0,
  `tax_id2` int(11) NOT NULL DEFAULT 0,
  `deleted` tinyint(1) NOT NULL DEFAULT 0,
  PRIMARY KEY (`id`) USING BTREE
) ENGINE = InnoDB AUTO_INCREMENT = 1 CHARACTER SET = utf8 COLLATE = utf8_unicode_ci ROW_FORMAT = Compact;

-- ----------------------------
-- Table structure for leave_applications
-- ----------------------------
DROP TABLE IF EXISTS `leave_applications`;
CREATE TABLE `leave_applications`  (
  `id` int(11) NOT NULL AUTO_INCREMENT,
  `leave_type_id` int(11) NOT NULL,
  `start_date` date NOT NULL,
  `end_date` date NOT NULL,
  `total_hours` decimal(7, 2) NOT NULL,
  `total_days` decimal(5, 2) NOT NULL,
  `applicant_id` int(11) NOT NULL,
  `reason` mediumtext CHARACTER SET utf8 COLLATE utf8_unicode_ci NOT NULL,
  `status` enum('pending','approved','rejected','canceled') CHARACTER SET utf8 COLLATE utf8_unicode_ci NOT NULL DEFAULT 'pending',
  `created_at` datetime(0) NOT NULL,
  `created_by` int(11) NOT NULL,
  `checked_at` datetime(0) NULL DEFAULT NULL,
  `checked_by` int(11) NOT NULL DEFAULT 0,
  `deleted` int(1) NOT NULL DEFAULT 0,
  PRIMARY KEY (`id`) USING BTREE,
  INDEX `leave_type_id`(`leave_type_id`) USING BTREE,
  INDEX `user_id`(`applicant_id`) USING BTREE,
  INDEX `checked_by`(`checked_by`) USING BTREE
) ENGINE = InnoDB AUTO_INCREMENT = 1 CHARACTER SET = utf8 COLLATE = utf8_unicode_ci ROW_FORMAT = Compact;

-- ----------------------------
-- Table structure for leave_types
-- ----------------------------
DROP TABLE IF EXISTS `leave_types`;
CREATE TABLE `leave_types`  (
  `id` int(11) NOT NULL AUTO_INCREMENT,
  `title` varchar(100) CHARACTER SET utf8 COLLATE utf8_unicode_ci NOT NULL,
  `status` enum('active','inactive') CHARACTER SET utf8 COLLATE utf8_unicode_ci NOT NULL DEFAULT 'active',
  `color` varchar(7) CHARACTER SET utf8 COLLATE utf8_unicode_ci NOT NULL,
  `description` text CHARACTER SET utf8 COLLATE utf8_unicode_ci NULL,
  `deleted` int(1) NOT NULL DEFAULT 0,
  PRIMARY KEY (`id`) USING BTREE
) ENGINE = InnoDB AUTO_INCREMENT = 2 CHARACTER SET = utf8 COLLATE = utf8_unicode_ci ROW_FORMAT = Compact;

-- ----------------------------
-- Records of leave_types
-- ----------------------------
INSERT INTO `leave_types` VALUES (1, 'Casual Leave', 'active', '#83c340', '', 0);

-- ----------------------------
-- Table structure for main_tasks
-- ----------------------------
DROP TABLE IF EXISTS `main_tasks`;
CREATE TABLE `main_tasks`  (
  `id` int(11) NOT NULL AUTO_INCREMENT,
  `serial` varchar(255) CHARACTER SET utf8 COLLATE utf8_unicode_ci NOT NULL,
  `title` text CHARACTER SET utf8 COLLATE utf8_unicode_ci NOT NULL,
  `description` text CHARACTER SET utf8 COLLATE utf8_unicode_ci NOT NULL,
  `project_id` int(11) NOT NULL,
  `deleted` tinyint(11) NOT NULL DEFAULT 0,
  PRIMARY KEY (`id`) USING BTREE,
  INDEX `PROJECTS_FK`(`project_id`) USING BTREE,
  CONSTRAINT `PROJECTS_FK` FOREIGN KEY (`project_id`) REFERENCES `projects` (`id`) ON DELETE CASCADE ON UPDATE CASCADE
) ENGINE = InnoDB AUTO_INCREMENT = 7 CHARACTER SET = utf8 COLLATE = utf8_unicode_ci ROW_FORMAT = Compact;

-- ----------------------------
-- Records of main_tasks
-- ----------------------------
INSERT INTO `main_tasks` VALUES (3, 'PJG0000', 'main task one', '', 8, 0);
INSERT INTO `main_tasks` VALUES (4, 'PJG0001', 'main task one', '', 10, 0);
INSERT INTO `main_tasks` VALUES (6, 'PJG0002', 'y', '', 8, 0);

-- ----------------------------
-- Table structure for messages
-- ----------------------------
DROP TABLE IF EXISTS `messages`;
CREATE TABLE `messages`  (
  `id` int(11) NOT NULL AUTO_INCREMENT,
  `subject` varchar(255) CHARACTER SET utf8 COLLATE utf8_unicode_ci NOT NULL DEFAULT 'Untitled',
  `message` mediumtext CHARACTER SET utf8 COLLATE utf8_unicode_ci NOT NULL,
  `created_at` datetime(0) NOT NULL,
  `from_user_id` int(11) NOT NULL,
  `to_user_id` int(11) NOT NULL,
  `status` enum('unread','read') CHARACTER SET utf8 COLLATE utf8_unicode_ci NOT NULL DEFAULT 'unread',
  `message_id` int(11) NOT NULL DEFAULT 0,
  `deleted` int(1) NOT NULL DEFAULT 0,
  `files` longtext CHARACTER SET utf8 COLLATE utf8_unicode_ci NOT NULL,
  `deleted_by_users` text CHARACTER SET utf8 COLLATE utf8_unicode_ci NOT NULL,
  PRIMARY KEY (`id`) USING BTREE,
  INDEX `message_from`(`from_user_id`) USING BTREE,
  INDEX `message_to`(`to_user_id`) USING BTREE
) ENGINE = InnoDB AUTO_INCREMENT = 17 CHARACTER SET = utf8 COLLATE = utf8_unicode_ci ROW_FORMAT = Compact;

-- ----------------------------
-- Records of messages
-- ----------------------------
INSERT INTO `messages` VALUES (1, 'Project hours', 'My total hours is 0 . how is that possible?', '2017-01-01 10:33:09', 3, 2, 'read', 0, 0, 'a:0:{}', '');
INSERT INTO `messages` VALUES (2, 'Edit timecard', 'Could you please edit my time cards, \n1. The ones that ended at 05:00 need to end at 17:00\n2. And the one ending at 13:52 was on bulk editing', '2017-01-17 12:42:19', 10, 2, 'read', 0, 0, 'a:0:{}', '');
INSERT INTO `messages` VALUES (3, 'check tuesday message', 'check tuesday message', '2017-04-18 09:43:42', 7, 2, 'read', 0, 0, 'a:0:{}', '');
INSERT INTO `messages` VALUES (4, 'test', 'test', '2017-04-22 04:05:31', 6, 2, 'unread', 0, 0, 'a:0:{}', '');
INSERT INTO `messages` VALUES (5, 'Testing Email', 'rrr', '2017-04-22 04:05:52', 6, 7, 'read', 0, 0, 'a:0:{}', ',7');
INSERT INTO `messages` VALUES (6, 'status', 'cckvkt', '2017-10-07 08:28:03', 5, 13, 'unread', 0, 0, 'a:0:{}', '');
INSERT INTO `messages` VALUES (7, 'ok', 'testing', '2017-10-26 18:18:31', 28, 27, 'read', 0, 0, 'a:0:{}', '');
INSERT INTO `messages` VALUES (8, '', 'ok', '2017-10-26 18:19:04', 27, 28, 'unread', 7, 0, 'a:0:{}', '');
INSERT INTO `messages` VALUES (9, 'you in', '????????', '2017-10-26 18:19:26', 27, 5, 'read', 0, 0, 'a:0:{}', '');
INSERT INTO `messages` VALUES (10, 'kiuyt6', 'hi', '2017-10-26 19:31:27', 29, 5, 'read', 0, 0, 'a:0:{}', '');
INSERT INTO `messages` VALUES (11, '', 'oh now', '2017-10-26 19:31:50', 5, 29, 'unread', 10, 0, 'a:0:{}', '');
INSERT INTO `messages` VALUES (12, 'kiuyt6', 'poiuyhgf', '2017-10-28 21:10:40', 30, 27, 'unread', 0, 0, 'a:0:{}', '');
INSERT INTO `messages` VALUES (13, 'kiuyt6', 'poiuyhgf', '2017-10-28 21:10:40', 30, 5, 'read', 0, 0, 'a:0:{}', '');
INSERT INTO `messages` VALUES (14, '', 'ok', '2017-10-28 21:11:05', 5, 30, 'read', 13, 0, 'a:0:{}', '');
INSERT INTO `messages` VALUES (15, '', 'demo now', '2017-11-01 08:08:09', 5, 30, 'read', 13, 0, 'a:0:{}', '');
INSERT INTO `messages` VALUES (16, '', 'ok', '2017-11-01 08:08:35', 30, 5, 'read', 13, 0, 'a:0:{}', '');

-- ----------------------------
-- Table structure for milestones
-- ----------------------------
DROP TABLE IF EXISTS `milestones`;
CREATE TABLE `milestones`  (
  `id` int(11) NOT NULL AUTO_INCREMENT,
  `title` text CHARACTER SET utf8 COLLATE utf8_unicode_ci NOT NULL,
  `project_id` int(11) NOT NULL,
  `due_date` date NOT NULL,
  `deleted` tinyint(11) NOT NULL DEFAULT 0,
  PRIMARY KEY (`id`) USING BTREE
) ENGINE = InnoDB AUTO_INCREMENT = 3 CHARACTER SET = utf8 COLLATE = utf8_unicode_ci ROW_FORMAT = Compact;

-- ----------------------------
-- Records of milestones
-- ----------------------------
INSERT INTO `milestones` VALUES (2, 'demo', 11, '2017-11-03', 0);

-- ----------------------------
-- Table structure for notes
-- ----------------------------
DROP TABLE IF EXISTS `notes`;
CREATE TABLE `notes`  (
  `id` int(11) NOT NULL AUTO_INCREMENT,
  `created_by` int(11) NOT NULL,
  `created_at` datetime(0) NOT NULL,
  `title` text CHARACTER SET utf8 COLLATE utf8_unicode_ci NOT NULL,
  `description` mediumtext CHARACTER SET utf8 COLLATE utf8_unicode_ci NULL,
  `project_id` int(11) NOT NULL DEFAULT 0,
  `client_id` int(11) NOT NULL DEFAULT 0,
  `user_id` int(11) NOT NULL DEFAULT 0,
  `labels` text CHARACTER SET utf8 COLLATE utf8_unicode_ci NULL,
  `deleted` tinyint(1) NOT NULL DEFAULT 0,
  PRIMARY KEY (`id`) USING BTREE
) ENGINE = InnoDB AUTO_INCREMENT = 7 CHARACTER SET = utf8 COLLATE = utf8_unicode_ci ROW_FORMAT = Compact;

-- ----------------------------
-- Records of notes
-- ----------------------------
INSERT INTO `notes` VALUES (1, 7, '2017-01-17 06:51:10', 'Competitor Products', 'We need to check the features available in following major products.\nhttps://www.appfolio.com/features\n\nhttps://www.buildium.com/features/\n\nhttps://www.rentecdirect.com/features\n\nhttps://www.storedge.com/\n\nhttps://www.rentmanager.com/\n\nhttp://www.propertyware.com/\n\nhttp://www.mrisoftware.com/\n\nhttp://www.totalmanagement.com/\n\nhttp://propertyboulevard.com/\n\nhttps://rentpost.com/\n\nhttps://propertymanagercloud.com/\n\nhttp://soft4realestate.com/\n\nhttps://valencepm.com/\n\nhttp://www.softwareadvice.com/property/\n\n\n', 2, 0, 0, '', 0);
INSERT INTO `notes` VALUES (2, 7, '2017-01-17 08:32:28', 'Competitor Products', 'Study the features from following products and compare:\n\nhttp://www.eposnow.com/us/software\n\nhttps://www.lightspeedhq.com/pos/onsite/features/\n\nhttps://www.technology4retailers.com/t-aimsi.aspx\n\nhttps://breadcrumb.com/ipad-point-of-sale-features/\n\nhttp://www.amberpos.com/#\n\nhttp://www.touchbistro.com/features/\n\nhttp://revelsystems.com/features/for-retail/\n\nhttps://www.springboardretail.com/products/\n\nhttps://pos.toasttab.com/pos-system\n\nhttp://www.marketstall.com/edgepos/\n', 4, 0, 0, '', 0);
INSERT INTO `notes` VALUES (3, 6, '2017-03-23 12:43:30', 'Project A', 'Step by step debugging process', 0, 0, 0, 'Debugging', 0);
INSERT INTO `notes` VALUES (4, 7, '2017-04-18 09:42:45', 'test notes tuesday', '', 0, 0, 0, '', 1);
INSERT INTO `notes` VALUES (5, 6, '2017-04-22 04:04:08', 'Meeting Minutes', 'We all met and unmet', 0, 0, 0, 'Notes', 0);
INSERT INTO `notes` VALUES (6, 27, '2017-10-26 18:46:58', 'owaa', 'AF', 10, 0, 0, 'Important', 0);

-- ----------------------------
-- Table structure for notification_settings
-- ----------------------------
DROP TABLE IF EXISTS `notification_settings`;
CREATE TABLE `notification_settings`  (
  `id` int(11) NOT NULL AUTO_INCREMENT,
  `event` varchar(250) CHARACTER SET latin1 COLLATE latin1_swedish_ci NOT NULL,
  `category` varchar(50) CHARACTER SET latin1 COLLATE latin1_swedish_ci NOT NULL,
  `enable_email` int(1) NOT NULL DEFAULT 0,
  `enable_web` int(1) NOT NULL DEFAULT 0,
  `notify_to_team` text CHARACTER SET latin1 COLLATE latin1_swedish_ci NOT NULL,
  `notify_to_team_members` text CHARACTER SET latin1 COLLATE latin1_swedish_ci NOT NULL,
  `notify_to_terms` text CHARACTER SET latin1 COLLATE latin1_swedish_ci NOT NULL,
  `sort` int(11) NOT NULL,
  `deleted` int(1) NOT NULL DEFAULT 0,
  PRIMARY KEY (`id`) USING BTREE,
  INDEX `event`(`event`) USING BTREE
) ENGINE = InnoDB AUTO_INCREMENT = 36 CHARACTER SET = latin1 COLLATE = latin1_swedish_ci ROW_FORMAT = Compact;

-- ----------------------------
-- Records of notification_settings
-- ----------------------------
INSERT INTO `notification_settings` VALUES (1, 'project_created', 'project', 0, 0, '', '', '', 1, 0);
INSERT INTO `notification_settings` VALUES (2, 'project_deleted', 'project', 0, 0, '', '', '', 2, 0);
INSERT INTO `notification_settings` VALUES (3, 'project_task_created', 'project', 1, 1, '', '', 'project_members,task_assignee', 3, 0);
INSERT INTO `notification_settings` VALUES (4, 'project_task_updated', 'project', 0, 1, '', '', 'task_assignee', 4, 0);
INSERT INTO `notification_settings` VALUES (5, 'project_task_assigned', 'project', 0, 1, '', '', 'task_assignee', 5, 0);
INSERT INTO `notification_settings` VALUES (7, 'project_task_started', 'project', 0, 0, '', '', '', 7, 0);
INSERT INTO `notification_settings` VALUES (8, 'project_task_finished', 'project', 0, 0, '', '', '', 8, 0);
INSERT INTO `notification_settings` VALUES (9, 'project_task_reopened', 'project', 0, 0, '', '', '', 9, 0);
INSERT INTO `notification_settings` VALUES (10, 'project_task_deleted', 'project', 0, 1, '', '', 'task_assignee', 10, 0);
INSERT INTO `notification_settings` VALUES (11, 'project_task_commented', 'project', 0, 1, '', '', 'task_assignee', 11, 0);
INSERT INTO `notification_settings` VALUES (12, 'project_member_added', 'project', 0, 1, '', '', 'project_members', 12, 0);
INSERT INTO `notification_settings` VALUES (13, 'project_member_deleted', 'project', 0, 1, '', '', 'project_members', 13, 0);
INSERT INTO `notification_settings` VALUES (14, 'project_file_added', 'project', 0, 1, '', '', 'project_members', 14, 0);
INSERT INTO `notification_settings` VALUES (15, 'project_file_deleted', 'project', 0, 1, '', '', 'project_members', 15, 0);
INSERT INTO `notification_settings` VALUES (16, 'project_file_commented', 'project', 0, 1, '', '', 'project_members', 16, 0);
INSERT INTO `notification_settings` VALUES (17, 'project_comment_added', 'project', 0, 1, '', '', 'project_members', 17, 0);
INSERT INTO `notification_settings` VALUES (18, 'project_comment_replied', 'project', 0, 1, '', '', 'project_members,comment_creator', 18, 0);
INSERT INTO `notification_settings` VALUES (19, 'project_customer_feedback_added', 'project', 0, 1, '', '', 'project_members', 19, 0);
INSERT INTO `notification_settings` VALUES (20, 'project_customer_feedback_replied', 'project', 0, 1, '', '', 'project_members,comment_creator', 20, 0);
INSERT INTO `notification_settings` VALUES (21, 'client_signup', 'client', 0, 1, '1', '5', '', 21, 0);
INSERT INTO `notification_settings` VALUES (22, 'invoice_online_payment_received', 'invoice', 0, 0, '', '', '', 22, 0);
INSERT INTO `notification_settings` VALUES (23, 'leave_application_submitted', 'leave', 0, 0, '', '', '', 23, 0);
INSERT INTO `notification_settings` VALUES (24, 'leave_approved', 'leave', 0, 1, '', '', 'leave_applicant', 24, 0);
INSERT INTO `notification_settings` VALUES (25, 'leave_assigned', 'leave', 0, 1, '', '', 'leave_applicant', 25, 0);
INSERT INTO `notification_settings` VALUES (26, 'leave_rejected', 'leave', 0, 1, '', '', 'leave_applicant', 26, 0);
INSERT INTO `notification_settings` VALUES (27, 'leave_canceled', 'leave', 0, 0, '', '', '', 27, 0);
INSERT INTO `notification_settings` VALUES (28, 'ticket_created', 'ticket', 1, 1, '', '', 'ticket_assignee', 28, 0);
INSERT INTO `notification_settings` VALUES (29, 'ticket_commented', 'ticket', 0, 1, '', '', 'client_primary_contact,ticket_creator', 29, 0);
INSERT INTO `notification_settings` VALUES (30, 'ticket_closed', 'ticket', 0, 1, '', '', 'client_primary_contact,ticket_creator', 30, 0);
INSERT INTO `notification_settings` VALUES (31, 'ticket_reopened', 'ticket', 0, 1, '', '', 'client_primary_contact,ticket_creator', 31, 0);
INSERT INTO `notification_settings` VALUES (32, 'estimate_request_received', 'estimate', 0, 0, '', '', '', 32, 0);
INSERT INTO `notification_settings` VALUES (33, 'estimate_sent', 'estimate', 0, 0, '', '', '', 33, 0);
INSERT INTO `notification_settings` VALUES (34, 'estimate_accepted', 'estimate', 0, 0, '', '', '', 34, 0);
INSERT INTO `notification_settings` VALUES (35, 'estimate_rejected', 'estimate', 0, 0, '', '', '', 35, 0);

-- ----------------------------
-- Table structure for notifications
-- ----------------------------
DROP TABLE IF EXISTS `notifications`;
CREATE TABLE `notifications`  (
  `id` int(11) NOT NULL AUTO_INCREMENT,
  `user_id` int(11) NOT NULL,
  `description` longtext CHARACTER SET utf8 COLLATE utf8_unicode_ci NOT NULL,
  `created_at` datetime(0) NOT NULL,
  `notify_to` mediumtext CHARACTER SET utf8 COLLATE utf8_unicode_ci NOT NULL,
  `read_by` mediumtext CHARACTER SET utf8 COLLATE utf8_unicode_ci NOT NULL,
  `event` varchar(250) CHARACTER SET utf8 COLLATE utf8_unicode_ci NOT NULL,
  `project_id` int(11) NOT NULL,
  `task_id` int(11) NOT NULL,
  `project_comment_id` int(11) NOT NULL,
  `ticket_id` int(11) NOT NULL,
  `ticket_comment_id` int(11) NOT NULL,
  `project_file_id` int(11) NOT NULL,
  `leave_id` int(11) NOT NULL,
  `post_id` int(11) NOT NULL,
  `to_user_id` int(11) NOT NULL,
  `activity_log_id` int(11) NOT NULL,
  `client_id` int(11) NOT NULL,
  `invoice_payment_id` int(11) NOT NULL,
  `estimate_id` int(11) NOT NULL,
  `estimate_request_id` int(11) NOT NULL,
  `deleted` int(1) NOT NULL DEFAULT 0,
  PRIMARY KEY (`id`) USING BTREE,
  INDEX `user_id`(`user_id`) USING BTREE
) ENGINE = InnoDB AUTO_INCREMENT = 49 CHARACTER SET = utf8 COLLATE = utf8_unicode_ci ROW_FORMAT = Compact;

-- ----------------------------
-- Records of notifications
-- ----------------------------
INSERT INTO `notifications` VALUES (47, 5, '', '2017-12-04 09:41:28', '89', ',89', 'ticket_created', 0, 0, 0, 2, 21, 0, 0, 0, 0, 0, 0, 0, 0, 0, 0);
INSERT INTO `notifications` VALUES (48, 5, '', '2017-12-06 07:36:21', '113', ',113', 'ticket_created', 0, 0, 0, 4, 22, 0, 0, 0, 0, 0, 0, 0, 0, 0, 0);

-- ----------------------------
-- Table structure for payment_methods
-- ----------------------------
DROP TABLE IF EXISTS `payment_methods`;
CREATE TABLE `payment_methods`  (
  `id` int(11) NOT NULL AUTO_INCREMENT,
  `title` text CHARACTER SET utf8 COLLATE utf8_unicode_ci NOT NULL,
  `type` varchar(100) CHARACTER SET utf8 COLLATE utf8_unicode_ci NOT NULL DEFAULT 'custom',
  `description` text CHARACTER SET utf8 COLLATE utf8_unicode_ci NOT NULL,
  `online_payable` tinyint(1) NOT NULL DEFAULT 0,
  `available_on_invoice` tinyint(1) NOT NULL DEFAULT 0,
  `minimum_payment_amount` double NOT NULL DEFAULT 0,
  `settings` longtext CHARACTER SET utf8 COLLATE utf8_unicode_ci NOT NULL,
  `deleted` tinyint(1) NOT NULL DEFAULT 0,
  PRIMARY KEY (`id`) USING BTREE
) ENGINE = InnoDB AUTO_INCREMENT = 4 CHARACTER SET = utf8 COLLATE = utf8_unicode_ci ROW_FORMAT = Compact;

-- ----------------------------
-- Records of payment_methods
-- ----------------------------
INSERT INTO `payment_methods` VALUES (1, 'Cash', 'custom', 'Cash payments', 0, 0, 0, '', 0);
INSERT INTO `payment_methods` VALUES (2, 'Stripe', 'stripe', 'Stripe online payments', 1, 0, 0, 'a:3:{s:15:\"pay_button_text\";s:6:\"Stripe\";s:10:\"secret_key\";s:6:\"\";s:15:\"publishable_key\";s:6:\"\";}', 0);
INSERT INTO `payment_methods` VALUES (3, 'PayPal Payments Standard', 'paypal_payments_standard', 'PayPal Payments Standard Online Payments', 1, 0, 0, 'a:4:{s:15:\"pay_button_text\";s:6:\"PayPal\";s:5:\"email\";s:4:\"\";s:11:\"paypal_live\";s:1:\"0\";s:5:\"debug\";s:1:\"0\";}', 0);

-- ----------------------------
-- Table structure for paypal_ipn
-- ----------------------------
DROP TABLE IF EXISTS `paypal_ipn`;
CREATE TABLE `paypal_ipn`  (
  `id` int(11) NOT NULL AUTO_INCREMENT,
  `transaction_id` tinytext CHARACTER SET utf8 COLLATE utf8_unicode_ci NULL,
  `ipn_hash` longtext CHARACTER SET utf8 COLLATE utf8_unicode_ci NOT NULL,
  `ipn_data` longtext CHARACTER SET utf8 COLLATE utf8_unicode_ci NOT NULL,
  `deleted` tinyint(1) NOT NULL DEFAULT 0,
  PRIMARY KEY (`id`) USING BTREE
) ENGINE = InnoDB AUTO_INCREMENT = 1 CHARACTER SET = utf8 COLLATE = utf8_unicode_ci ROW_FORMAT = Compact;

-- ----------------------------
-- Table structure for petty_cash
-- ----------------------------
DROP TABLE IF EXISTS `petty_cash`;
CREATE TABLE `petty_cash`  (
  `id` int(11) NOT NULL AUTO_INCREMENT,
  `user_id` int(11) NOT NULL,
  `type_id` int(11) NOT NULL,
  `petty_cash` varchar(255) CHARACTER SET latin1 COLLATE latin1_swedish_ci NULL DEFAULT NULL,
  `description` varchar(255) CHARACTER SET latin1 COLLATE latin1_swedish_ci NOT NULL,
  `amount` varchar(255) CHARACTER SET latin1 COLLATE latin1_swedish_ci NOT NULL,
  `sage_project_id` int(11) NOT NULL,
  `sage_project` varchar(255) CHARACTER SET latin1 COLLATE latin1_swedish_ci NOT NULL,
  `created_at` date NOT NULL,
  `updated_at` timestamp(0) NULL DEFAULT NULL ON UPDATE CURRENT_TIMESTAMP(0),
  `status` varchar(255) CHARACTER SET latin1 COLLATE latin1_swedish_ci NOT NULL DEFAULT 'Pending',
  `deleted` int(11) NOT NULL DEFAULT 0,
  PRIMARY KEY (`id`, `sage_project_id`) USING BTREE,
  INDEX `type_id`(`type_id`) USING BTREE,
  CONSTRAINT `petty_cash_ibfk_1` FOREIGN KEY (`type_id`) REFERENCES `petty_cash_types` (`id`) ON DELETE RESTRICT ON UPDATE RESTRICT
) ENGINE = InnoDB AUTO_INCREMENT = 13 CHARACTER SET = latin1 COLLATE = latin1_swedish_ci ROW_FORMAT = Compact;

-- ----------------------------
-- Records of petty_cash
-- ----------------------------
INSERT INTO `petty_cash` VALUES (10, 5, 7, 'Transport', 'Curabitur arcu erat, accumsan id imperdiet et, porttitor at sem. Sed porttitor lectus nibh. Donec sollicitudin molestie malesuada. Proin eget tortor risus. Donec sollicitudin molestie malesuada. Vestibulum ac diam sit amet quam vehicula elementum sed sit ', '1200', 21, '01 : Petty Cash', '2017-12-04', '2017-12-06 00:32:50', 'Disapproved', 0);
INSERT INTO `petty_cash` VALUES (11, 113, 7, 'Transport', '232refew', '1243', 21, '01 : Petty Cash', '2017-12-04', '2017-12-06 08:58:15', 'Disapproved', 0);
INSERT INTO `petty_cash` VALUES (12, 5, 7, 'Transport', 'fgdgfdgfdg', '12121', 22, '00056 : inventory', '2017-12-05', NULL, 'Pending', 0);

-- ----------------------------
-- Table structure for petty_cash_types
-- ----------------------------
DROP TABLE IF EXISTS `petty_cash_types`;
CREATE TABLE `petty_cash_types`  (
  `id` int(11) NOT NULL AUTO_INCREMENT,
  `name_type` varchar(255) CHARACTER SET latin1 COLLATE latin1_swedish_ci NOT NULL,
  `admin_id` int(11) NOT NULL,
  `created_at` timestamp(0) NOT NULL DEFAULT CURRENT_TIMESTAMP,
  `update_date` timestamp(0) NULL DEFAULT NULL ON UPDATE CURRENT_TIMESTAMP(0),
  `deleted` int(11) NOT NULL DEFAULT 0,
  PRIMARY KEY (`id`) USING BTREE
) ENGINE = InnoDB AUTO_INCREMENT = 11 CHARACTER SET = latin1 COLLATE = latin1_swedish_ci ROW_FORMAT = Compact;

-- ----------------------------
-- Records of petty_cash_types
-- ----------------------------
INSERT INTO `petty_cash_types` VALUES (5, 'demo', 5, '2017-12-04 00:00:00', '2017-12-04 20:32:14', 0);
INSERT INTO `petty_cash_types` VALUES (6, 'demo', 5, '2017-12-04 00:00:00', '2017-12-04 20:32:17', 0);
INSERT INTO `petty_cash_types` VALUES (7, 'Transport', 5, '2017-12-04 00:00:00', '2017-12-04 20:32:18', 0);
INSERT INTO `petty_cash_types` VALUES (8, 'phone bill', 5, '2017-12-04 00:00:00', '2017-12-04 20:32:19', 0);
INSERT INTO `petty_cash_types` VALUES (9, ' vcbb', 5, '2017-12-04 00:00:00', '2017-12-04 20:32:24', 0);
INSERT INTO `petty_cash_types` VALUES (10, '3432432', 5, '2017-12-05 00:00:00', NULL, 0);

-- ----------------------------
-- Table structure for posts
-- ----------------------------
DROP TABLE IF EXISTS `posts`;
CREATE TABLE `posts`  (
  `id` int(11) NOT NULL AUTO_INCREMENT,
  `created_by` int(11) NOT NULL,
  `created_at` datetime(0) NOT NULL,
  `description` mediumtext CHARACTER SET utf8 COLLATE utf8_unicode_ci NOT NULL,
  `post_id` int(11) NOT NULL,
  `share_with` text CHARACTER SET utf8 COLLATE utf8_unicode_ci NULL,
  `files` longtext CHARACTER SET utf8 COLLATE utf8_unicode_ci NULL,
  `deleted` tinyint(1) NOT NULL DEFAULT 0,
  PRIMARY KEY (`id`) USING BTREE
) ENGINE = InnoDB AUTO_INCREMENT = 1 CHARACTER SET = utf8 COLLATE = utf8_unicode_ci ROW_FORMAT = Compact;

-- ----------------------------
-- Table structure for project_comments
-- ----------------------------
DROP TABLE IF EXISTS `project_comments`;
CREATE TABLE `project_comments`  (
  `id` int(11) NOT NULL AUTO_INCREMENT,
  `created_by` int(11) NOT NULL,
  `created_at` datetime(0) NOT NULL,
  `description` mediumtext CHARACTER SET utf8 COLLATE utf8_unicode_ci NOT NULL,
  `project_id` int(11) NOT NULL DEFAULT 0,
  `comment_id` int(11) NOT NULL DEFAULT 0,
  `task_id` int(11) NOT NULL DEFAULT 0,
  `file_id` int(11) NOT NULL DEFAULT 0,
  `customer_feedback_id` int(11) NOT NULL DEFAULT 0,
  `files` longtext CHARACTER SET utf8 COLLATE utf8_unicode_ci NULL,
  `deleted` tinyint(1) NOT NULL DEFAULT 0,
  PRIMARY KEY (`id`) USING BTREE
) ENGINE = InnoDB AUTO_INCREMENT = 17 CHARACTER SET = utf8 COLLATE = utf8_unicode_ci ROW_FORMAT = Compact;

-- ----------------------------
-- Records of project_comments
-- ----------------------------
INSERT INTO `project_comments` VALUES (14, 30, '2017-10-28 15:51:23', 'come on now', 14, 0, 38, 0, 0, 'a:0:{}', 0);
INSERT INTO `project_comments` VALUES (15, 30, '2017-11-01 08:04:28', 'am 80% done', 14, 0, 0, 0, 14, 'a:0:{}', 0);
INSERT INTO `project_comments` VALUES (16, 5, '2017-11-01 08:05:31', 'Hi contractor', 14, 0, 0, 0, 0, 'a:0:{}', 0);

-- ----------------------------
-- Table structure for project_files
-- ----------------------------
DROP TABLE IF EXISTS `project_files`;
CREATE TABLE `project_files`  (
  `id` int(11) NOT NULL AUTO_INCREMENT,
  `file_name` text CHARACTER SET utf8 COLLATE utf8_unicode_ci NOT NULL,
  `description` mediumtext CHARACTER SET utf8 COLLATE utf8_unicode_ci NULL,
  `file_size` double NOT NULL,
  `created_at` datetime(0) NOT NULL,
  `project_id` int(11) NOT NULL,
  `uploaded_by` int(11) NOT NULL,
  `deleted` tinyint(1) NOT NULL DEFAULT 0,
  PRIMARY KEY (`id`) USING BTREE
) ENGINE = InnoDB AUTO_INCREMENT = 1 CHARACTER SET = utf8 COLLATE = utf8_unicode_ci ROW_FORMAT = Compact;

-- ----------------------------
-- Table structure for project_members
-- ----------------------------
DROP TABLE IF EXISTS `project_members`;
CREATE TABLE `project_members`  (
  `id` int(11) NOT NULL AUTO_INCREMENT,
  `user_id` int(11) NOT NULL,
  `project_id` int(11) NOT NULL,
  `is_leader` tinyint(1) NULL DEFAULT 0,
  `deleted` tinyint(1) NOT NULL DEFAULT 0,
  PRIMARY KEY (`id`) USING BTREE
) ENGINE = InnoDB AUTO_INCREMENT = 41 CHARACTER SET = utf8 COLLATE = utf8_unicode_ci ROW_FORMAT = Compact;

-- ----------------------------
-- Records of project_members
-- ----------------------------
INSERT INTO `project_members` VALUES (35, 5, 8, 1, 0);
INSERT INTO `project_members` VALUES (36, 5, 9, 1, 0);
INSERT INTO `project_members` VALUES (37, 89, 8, 0, 0);
INSERT INTO `project_members` VALUES (38, 5, 10, 1, 0);
INSERT INTO `project_members` VALUES (39, 89, 10, 0, 0);
INSERT INTO `project_members` VALUES (40, 5, 11, 1, 0);

-- ----------------------------
-- Table structure for project_time
-- ----------------------------
DROP TABLE IF EXISTS `project_time`;
CREATE TABLE `project_time`  (
  `id` int(11) NOT NULL AUTO_INCREMENT,
  `project_id` int(11) NOT NULL,
  `user_id` int(11) NOT NULL,
  `start_time` datetime(0) NOT NULL,
  `end_time` datetime(0) NULL DEFAULT NULL,
  `status` enum('open','logged','approved') CHARACTER SET utf8 COLLATE utf8_unicode_ci NOT NULL DEFAULT 'logged',
  `deleted` tinyint(1) NOT NULL DEFAULT 0,
  PRIMARY KEY (`id`) USING BTREE
) ENGINE = InnoDB AUTO_INCREMENT = 1 CHARACTER SET = utf8 COLLATE = utf8_unicode_ci ROW_FORMAT = Compact;

-- ----------------------------
-- Table structure for projects
-- ----------------------------
DROP TABLE IF EXISTS `projects`;
CREATE TABLE `projects`  (
  `id` int(11) NOT NULL AUTO_INCREMENT,
  `title` text CHARACTER SET utf8 COLLATE utf8_unicode_ci NOT NULL,
  `description` mediumtext CHARACTER SET utf8 COLLATE utf8_unicode_ci NULL,
  `start_date` date NOT NULL,
  `deadline` date NOT NULL,
  `client_id` int(11) NOT NULL,
  `created_date` date NOT NULL,
  `status` enum('open','completed','canceled') CHARACTER SET utf8 COLLATE utf8_unicode_ci NOT NULL DEFAULT 'open',
  `labels` text CHARACTER SET utf8 COLLATE utf8_unicode_ci NULL,
  `price` double NOT NULL DEFAULT 0,
  `deleted` tinyint(1) NOT NULL DEFAULT 0,
  PRIMARY KEY (`id`) USING BTREE
) ENGINE = InnoDB AUTO_INCREMENT = 12 CHARACTER SET = utf8 COLLATE = utf8_unicode_ci ROW_FORMAT = Compact;

-- ----------------------------
-- Records of projects
-- ----------------------------
INSERT INTO `projects` VALUES (8, 'project one', '', '2017-11-09', '2017-11-17', 30, '2017-11-09', 'open', '', 20000, 0);
INSERT INTO `projects` VALUES (9, 'project two', '', '2017-11-09', '2017-11-16', 30, '2017-11-09', 'open', '', 20000, 1);
INSERT INTO `projects` VALUES (10, 'project two', '', '2017-11-14', '2017-11-22', 30, '2017-11-14', 'open', '', 20000, 0);
INSERT INTO `projects` VALUES (11, 'project 3', 'fdgdgdsg', '2017-12-04', '2017-12-28', 30, '2017-12-04', 'open', 'rewrw', 5435, 0);

-- ----------------------------
-- Table structure for roles
-- ----------------------------
DROP TABLE IF EXISTS `roles`;
CREATE TABLE `roles`  (
  `id` int(11) NOT NULL AUTO_INCREMENT,
  `title` varchar(100) CHARACTER SET utf8 COLLATE utf8_unicode_ci NOT NULL,
  `permissions` mediumtext CHARACTER SET utf8 COLLATE utf8_unicode_ci NULL,
  `deleted` tinyint(1) NOT NULL DEFAULT 0,
  PRIMARY KEY (`id`) USING BTREE
) ENGINE = InnoDB AUTO_INCREMENT = 11 CHARACTER SET = utf8 COLLATE = utf8_unicode_ci ROW_FORMAT = Compact;

-- ----------------------------
-- Records of roles
-- ----------------------------
INSERT INTO `roles` VALUES (1, 'Administrators', 'a:24:{s:5:\"leave\";s:3:\"all\";s:14:\"leave_specific\";s:0:\"\";s:10:\"attendance\";s:3:\"all\";s:19:\"attendance_specific\";s:0:\"\";s:7:\"invoice\";s:3:\"all\";s:8:\"estimate\";s:3:\"all\";s:7:\"expense\";s:3:\"all\";s:6:\"client\";s:3:\"all\";s:6:\"ticket\";s:3:\"all\";s:12:\"announcement\";s:3:\"all\";s:19:\"can_create_projects\";s:1:\"1\";s:17:\"can_edit_projects\";s:1:\"1\";s:19:\"can_delete_projects\";s:1:\"1\";s:30:\"can_add_remove_project_members\";s:1:\"1\";s:16:\"can_create_tasks\";s:1:\"1\";s:14:\"can_edit_tasks\";s:1:\"1\";s:16:\"can_delete_tasks\";s:1:\"1\";s:20:\"can_comment_on_tasks\";s:1:\"1\";s:21:\"can_create_milestones\";s:1:\"1\";s:19:\"can_edit_milestones\";s:1:\"1\";s:21:\"can_delete_milestones\";s:1:\"1\";s:16:\"can_delete_files\";s:1:\"1\";s:34:\"can_view_team_members_contact_info\";s:1:\"1\";s:34:\"can_view_team_members_social_links\";s:1:\"1\";}', 0);
INSERT INTO `roles` VALUES (2, 'developer', 'a:24:{s:5:\"leave\";s:3:\"all\";s:14:\"leave_specific\";s:0:\"\";s:10:\"attendance\";s:3:\"all\";s:19:\"attendance_specific\";s:0:\"\";s:7:\"invoice\";s:3:\"all\";s:8:\"estimate\";s:3:\"all\";s:7:\"expense\";s:3:\"all\";s:6:\"client\";s:3:\"all\";s:6:\"ticket\";s:3:\"all\";s:12:\"announcement\";s:3:\"all\";s:19:\"can_create_projects\";s:1:\"1\";s:17:\"can_edit_projects\";s:1:\"1\";s:19:\"can_delete_projects\";s:1:\"1\";s:30:\"can_add_remove_project_members\";s:1:\"1\";s:16:\"can_create_tasks\";s:1:\"1\";s:14:\"can_edit_tasks\";s:1:\"1\";s:16:\"can_delete_tasks\";s:1:\"1\";s:20:\"can_comment_on_tasks\";s:1:\"1\";s:21:\"can_create_milestones\";s:1:\"1\";s:19:\"can_edit_milestones\";s:1:\"1\";s:21:\"can_delete_milestones\";s:1:\"1\";s:16:\"can_delete_files\";s:1:\"1\";s:34:\"can_view_team_members_contact_info\";s:1:\"1\";s:34:\"can_view_team_members_social_links\";s:1:\"1\";}', 0);
INSERT INTO `roles` VALUES (3, 'HR', 'a:24:{s:5:\"leave\";s:3:\"all\";s:14:\"leave_specific\";s:0:\"\";s:10:\"attendance\";s:3:\"all\";s:19:\"attendance_specific\";s:0:\"\";s:7:\"invoice\";s:3:\"all\";s:8:\"estimate\";s:3:\"all\";s:7:\"expense\";s:3:\"all\";s:6:\"client\";s:3:\"all\";s:6:\"ticket\";s:3:\"all\";s:12:\"announcement\";s:3:\"all\";s:19:\"can_create_projects\";s:1:\"1\";s:17:\"can_edit_projects\";s:1:\"1\";s:19:\"can_delete_projects\";s:1:\"1\";s:30:\"can_add_remove_project_members\";s:1:\"1\";s:16:\"can_create_tasks\";s:1:\"1\";s:14:\"can_edit_tasks\";s:1:\"1\";s:16:\"can_delete_tasks\";s:1:\"1\";s:20:\"can_comment_on_tasks\";s:1:\"1\";s:21:\"can_create_milestones\";s:1:\"1\";s:19:\"can_edit_milestones\";s:1:\"1\";s:21:\"can_delete_milestones\";s:1:\"1\";s:16:\"can_delete_files\";s:1:\"1\";s:34:\"can_view_team_members_contact_info\";s:1:\"1\";s:34:\"can_view_team_members_social_links\";s:1:\"1\";}', 0);
INSERT INTO `roles` VALUES (4, 'Site Administrator', NULL, 0);
INSERT INTO `roles` VALUES (5, 'Supervisor ', 'a:24:{s:5:\"leave\";N;s:14:\"leave_specific\";s:0:\"\";s:10:\"attendance\";s:3:\"all\";s:19:\"attendance_specific\";s:0:\"\";s:7:\"invoice\";N;s:8:\"estimate\";N;s:7:\"expense\";N;s:6:\"client\";N;s:6:\"ticket\";s:3:\"all\";s:12:\"announcement\";N;s:19:\"can_create_projects\";N;s:17:\"can_edit_projects\";N;s:19:\"can_delete_projects\";N;s:30:\"can_add_remove_project_members\";N;s:16:\"can_create_tasks\";s:1:\"1\";s:14:\"can_edit_tasks\";s:1:\"1\";s:16:\"can_delete_tasks\";s:1:\"1\";s:20:\"can_comment_on_tasks\";s:1:\"1\";s:21:\"can_create_milestones\";s:1:\"1\";s:19:\"can_edit_milestones\";s:1:\"1\";s:21:\"can_delete_milestones\";s:1:\"1\";s:16:\"can_delete_files\";s:1:\"1\";s:34:\"can_view_team_members_contact_info\";N;s:34:\"can_view_team_members_social_links\";N;}', 0);
INSERT INTO `roles` VALUES (6, 'Manual worker', NULL, 0);
INSERT INTO `roles` VALUES (7, 'Project Manager', 'a:24:{s:5:\"leave\";s:3:\"all\";s:14:\"leave_specific\";s:0:\"\";s:10:\"attendance\";s:3:\"all\";s:19:\"attendance_specific\";s:0:\"\";s:7:\"invoice\";s:3:\"all\";s:8:\"estimate\";s:3:\"all\";s:7:\"expense\";s:3:\"all\";s:6:\"client\";s:3:\"all\";s:6:\"ticket\";s:3:\"all\";s:12:\"announcement\";s:3:\"all\";s:19:\"can_create_projects\";s:1:\"1\";s:17:\"can_edit_projects\";s:1:\"1\";s:19:\"can_delete_projects\";s:1:\"1\";s:30:\"can_add_remove_project_members\";s:1:\"1\";s:16:\"can_create_tasks\";s:1:\"1\";s:14:\"can_edit_tasks\";s:1:\"1\";s:16:\"can_delete_tasks\";s:1:\"1\";s:20:\"can_comment_on_tasks\";s:1:\"1\";s:21:\"can_create_milestones\";s:1:\"1\";s:19:\"can_edit_milestones\";s:1:\"1\";s:21:\"can_delete_milestones\";s:1:\"1\";s:16:\"can_delete_files\";s:1:\"1\";s:34:\"can_view_team_members_contact_info\";s:1:\"1\";s:34:\"can_view_team_members_social_links\";s:1:\"1\";}', 0);
INSERT INTO `roles` VALUES (8, 'Client', 'a:24:{s:5:\"leave\";N;s:14:\"leave_specific\";s:0:\"\";s:10:\"attendance\";N;s:19:\"attendance_specific\";s:0:\"\";s:7:\"invoice\";N;s:8:\"estimate\";N;s:7:\"expense\";N;s:6:\"client\";s:3:\"all\";s:6:\"ticket\";s:3:\"all\";s:12:\"announcement\";s:3:\"all\";s:19:\"can_create_projects\";N;s:17:\"can_edit_projects\";N;s:19:\"can_delete_projects\";N;s:30:\"can_add_remove_project_members\";N;s:16:\"can_create_tasks\";N;s:14:\"can_edit_tasks\";N;s:16:\"can_delete_tasks\";N;s:20:\"can_comment_on_tasks\";s:1:\"1\";s:21:\"can_create_milestones\";N;s:19:\"can_edit_milestones\";N;s:21:\"can_delete_milestones\";N;s:16:\"can_delete_files\";N;s:34:\"can_view_team_members_contact_info\";N;s:34:\"can_view_team_members_social_links\";N;}', 0);
INSERT INTO `roles` VALUES (9, 'Contractor', NULL, 0);
INSERT INTO `roles` VALUES (10, 'Normal Employees', 'a:24:{s:5:\"leave\";s:3:\"all\";s:14:\"leave_specific\";s:0:\"\";s:10:\"attendance\";s:3:\"all\";s:19:\"attendance_specific\";s:0:\"\";s:7:\"invoice\";s:3:\"all\";s:8:\"estimate\";s:3:\"all\";s:7:\"expense\";s:3:\"all\";s:6:\"client\";s:3:\"all\";s:6:\"ticket\";s:3:\"all\";s:12:\"announcement\";s:3:\"all\";s:19:\"can_create_projects\";s:1:\"1\";s:17:\"can_edit_projects\";s:1:\"1\";s:19:\"can_delete_projects\";s:1:\"1\";s:30:\"can_add_remove_project_members\";s:1:\"1\";s:16:\"can_create_tasks\";s:1:\"1\";s:14:\"can_edit_tasks\";s:1:\"1\";s:16:\"can_delete_tasks\";s:1:\"1\";s:20:\"can_comment_on_tasks\";s:1:\"1\";s:21:\"can_create_milestones\";s:1:\"1\";s:19:\"can_edit_milestones\";s:1:\"1\";s:21:\"can_delete_milestones\";s:1:\"1\";s:16:\"can_delete_files\";s:1:\"1\";s:34:\"can_view_team_members_contact_info\";s:1:\"1\";s:34:\"can_view_team_members_social_links\";s:1:\"1\";}', 0);

-- ----------------------------
-- Table structure for settings
-- ----------------------------
DROP TABLE IF EXISTS `settings`;
CREATE TABLE `settings`  (
  `setting_name` varchar(100) CHARACTER SET utf8 COLLATE utf8_unicode_ci NOT NULL,
  `setting_value` mediumtext CHARACTER SET utf8 COLLATE utf8_unicode_ci NOT NULL,
  `deleted` tinyint(1) NOT NULL DEFAULT 0,
  UNIQUE INDEX `setting_name`(`setting_name`) USING BTREE
) ENGINE = InnoDB CHARACTER SET = utf8 COLLATE = utf8_unicode_ci ROW_FORMAT = Compact;

-- ----------------------------
-- Records of settings
-- ----------------------------
INSERT INTO `settings` VALUES ('', '', 0);
INSERT INTO `settings` VALUES ('accepted_file_formats', 'jpg,jpeg,doc,png,gif,pdf,docx', 0);
INSERT INTO `settings` VALUES ('add_projects_from_excel', 'YES', 0);
INSERT INTO `settings` VALUES ('admin_costs', '', 0);
INSERT INTO `settings` VALUES ('allowed_ip_addresses', '', 0);
INSERT INTO `settings` VALUES ('app_title', 'PRO-KAZI', 0);
INSERT INTO `settings` VALUES ('client_can_add_project_files', '1', 0);
INSERT INTO `settings` VALUES ('client_can_comment_on_files', '1', 0);
INSERT INTO `settings` VALUES ('client_can_comment_on_tasks', '1', 0);
INSERT INTO `settings` VALUES ('client_can_create_tasks', '', 0);
INSERT INTO `settings` VALUES ('client_can_edit_tasks', '1', 0);
INSERT INTO `settings` VALUES ('client_can_view_project_files', '1', 0);
INSERT INTO `settings` VALUES ('client_can_view_tasks', '1', 0);
INSERT INTO `settings` VALUES ('client_message_users', '5,27,28', 0);
INSERT INTO `settings` VALUES ('company_address', '', 0);
INSERT INTO `settings` VALUES ('company_email', '', 0);
INSERT INTO `settings` VALUES ('company_name', '', 0);
INSERT INTO `settings` VALUES ('company_phone', '', 0);
INSERT INTO `settings` VALUES ('company_website', '', 0);
INSERT INTO `settings` VALUES ('currency_symbol', 'Ksh', 0);
INSERT INTO `settings` VALUES ('date_format', 'd/m/Y', 0);
INSERT INTO `settings` VALUES ('decimal_separator', '.', 0);
INSERT INTO `settings` VALUES ('default_currency', 'KES', 0);
INSERT INTO `settings` VALUES ('disable_client_login', '', 0);
INSERT INTO `settings` VALUES ('disable_client_signup', '', 0);
INSERT INTO `settings` VALUES ('email_protocol', 'smtp', 0);
INSERT INTO `settings` VALUES ('email_sent_from_address', 'm.wagura@wizag.biz', 0);
INSERT INTO `settings` VALUES ('email_sent_from_name', 'Wise & Agile Solutions Limited', 0);
INSERT INTO `settings` VALUES ('email_smtp_host', 'wizag.biz', 0);
INSERT INTO `settings` VALUES ('email_smtp_pass', 'Qwerty123!', 0);
INSERT INTO `settings` VALUES ('email_smtp_port', '587', 0);
INSERT INTO `settings` VALUES ('email_smtp_security_type', 'tls', 0);
INSERT INTO `settings` VALUES ('email_smtp_user', 't.development@wizag.biz', 0);
INSERT INTO `settings` VALUES ('escalation_duration', '30', 0);
INSERT INTO `settings` VALUES ('escalation_via_email', '1', 0);
INSERT INTO `settings` VALUES ('escalation_via_sms', '1', 0);
INSERT INTO `settings` VALUES ('first_day_of_week', '0', 0);
INSERT INTO `settings` VALUES ('HR', '', 0);
INSERT INTO `settings` VALUES ('HR_sync', 'off', 0);
INSERT INTO `settings` VALUES ('invoice_logo', 'default-invoice-logo.png', 0);
INSERT INTO `settings` VALUES ('item_purchase_code', 'ITEM-PURCHASE-CODE', 0);
INSERT INTO `settings` VALUES ('language', 'english', 0);
INSERT INTO `settings` VALUES ('module_admin', '1', 0);
INSERT INTO `settings` VALUES ('module_announcement', '1', 0);
INSERT INTO `settings` VALUES ('module_attendance', '1', 0);
INSERT INTO `settings` VALUES ('module_escalation_matrix', '1', 0);
INSERT INTO `settings` VALUES ('module_estimate', '1', 0);
INSERT INTO `settings` VALUES ('module_estimate_request', '1', 0);
INSERT INTO `settings` VALUES ('module_event', '1', 0);
INSERT INTO `settings` VALUES ('module_expense', '1', 0);
INSERT INTO `settings` VALUES ('module_invoice', '1', 0);
INSERT INTO `settings` VALUES ('module_leave', '1', 0);
INSERT INTO `settings` VALUES ('module_message', '1', 0);
INSERT INTO `settings` VALUES ('module_note', '1', 0);
INSERT INTO `settings` VALUES ('module_sage', '1', 0);
INSERT INTO `settings` VALUES ('module_ticket', '1', 0);
INSERT INTO `settings` VALUES ('module_timeline', '1', 0);
INSERT INTO `settings` VALUES ('opening_hours', '', 0);
INSERT INTO `settings` VALUES ('order_project_tasks', 'title', 0);
INSERT INTO `settings` VALUES ('Payroll', 'on', 0);
INSERT INTO `settings` VALUES ('Payroll_sync', 'on', 0);
INSERT INTO `settings` VALUES ('product_serial', 'auto', 0);
INSERT INTO `settings` VALUES ('rows_per_page', '50', 0);
INSERT INTO `settings` VALUES ('sage_IDInvJrBatches', '1', 0);
INSERT INTO `settings` VALUES ('sage_Inventory_Project', '22', 0);
INSERT INTO `settings` VALUES ('sage_petty_cash_account_id', '94', 0);
INSERT INTO `settings` VALUES ('sage_petty_cash_batches_id', '3', 0);
INSERT INTO `settings` VALUES ('sage_TrCode', '37', 0);
INSERT INTO `settings` VALUES ('sage_WarehouseID', '1', 0);
INSERT INTO `settings` VALUES ('scrollbar', 'native', 0);
INSERT INTO `settings` VALUES ('serial_prefix', 'SN', 0);
INSERT INTO `settings` VALUES ('show_background_image_in_signin_page', 'yes', 0);
INSERT INTO `settings` VALUES ('show_logo_in_signin_page', 'yes', 0);
INSERT INTO `settings` VALUES ('site_logo', 'default-stie-logo.png', 0);
INSERT INTO `settings` VALUES ('time_format', 'capital', 0);
INSERT INTO `settings` VALUES ('timezone', 'Africa/Nairobi', 0);
INSERT INTO `settings` VALUES ('working_hours', '', 0);
INSERT INTO `settings` VALUES ('xlsx_logo', 'excel_logo.png', 0);

-- ----------------------------
-- Table structure for social_links
-- ----------------------------
DROP TABLE IF EXISTS `social_links`;
CREATE TABLE `social_links`  (
  `id` int(11) NOT NULL,
  `user_id` int(11) NOT NULL,
  `facebook` text CHARACTER SET utf8 COLLATE utf8_unicode_ci NULL,
  `twitter` text CHARACTER SET utf8 COLLATE utf8_unicode_ci NULL,
  `linkedin` text CHARACTER SET utf8 COLLATE utf8_unicode_ci NULL,
  `googleplus` text CHARACTER SET utf8 COLLATE utf8_unicode_ci NULL,
  `digg` text CHARACTER SET utf8 COLLATE utf8_unicode_ci NULL,
  `youtube` text CHARACTER SET utf8 COLLATE utf8_unicode_ci NULL,
  `pinterest` text CHARACTER SET utf8 COLLATE utf8_unicode_ci NULL,
  `instagram` text CHARACTER SET utf8 COLLATE utf8_unicode_ci NULL,
  `github` text CHARACTER SET utf8 COLLATE utf8_unicode_ci NULL,
  `tumblr` text CHARACTER SET utf8 COLLATE utf8_unicode_ci NULL,
  `vine` text CHARACTER SET utf8 COLLATE utf8_unicode_ci NULL,
  `deleted` tinyint(1) NOT NULL DEFAULT 0,
  PRIMARY KEY (`id`) USING BTREE
) ENGINE = InnoDB CHARACTER SET = utf8 COLLATE = utf8_unicode_ci ROW_FORMAT = Compact;

-- ----------------------------
-- Table structure for tasks
-- ----------------------------
DROP TABLE IF EXISTS `tasks`;
CREATE TABLE `tasks`  (
  `id` int(11) NOT NULL AUTO_INCREMENT,
  `serial` varchar(255) CHARACTER SET utf8 COLLATE utf8_unicode_ci NOT NULL,
  `title` text CHARACTER SET utf8 COLLATE utf8_unicode_ci NOT NULL,
  `description` mediumtext CHARACTER SET utf8 COLLATE utf8_unicode_ci NULL,
  `project_id` int(11) NOT NULL,
  `parent_id` int(11) NOT NULL DEFAULT 0,
  `ticket_id` int(11) NULL DEFAULT NULL,
  `milestone_id` int(11) NOT NULL DEFAULT 0,
  `assigned_to` int(11) NOT NULL,
  `deadline` date NULL DEFAULT NULL,
  `labels` text CHARACTER SET utf8 COLLATE utf8_unicode_ci NULL,
  `max_hours` int(11) NOT NULL DEFAULT 0,
  `points` tinyint(4) NOT NULL DEFAULT 1,
  `status` enum('to_do - 0%','in_progress - 25%','in_progress - 50%','in_progress - 75%','done - 100%') CHARACTER SET utf8 COLLATE utf8_unicode_ci NOT NULL DEFAULT 'to_do - 0%',
  `hesabu` int(11) NOT NULL,
  `start_date` date NULL DEFAULT NULL,
  `collaborators` text CHARACTER SET utf8 COLLATE utf8_unicode_ci NOT NULL,
  `deleted` tinyint(11) NOT NULL DEFAULT 0,
  `priority` varchar(100) CHARACTER SET utf8 COLLATE utf8_unicode_ci NOT NULL DEFAULT 'Normal',
  `created_at` timestamp(0) NOT NULL DEFAULT CURRENT_TIMESTAMP,
  PRIMARY KEY (`id`) USING BTREE
) ENGINE = InnoDB AUTO_INCREMENT = 9 CHARACTER SET = utf8 COLLATE = utf8_unicode_ci ROW_FORMAT = Compact;

-- ----------------------------
-- Records of tasks
-- ----------------------------
INSERT INTO `tasks` VALUES (3, 'PJG0000-8', 'sub task 0001', 'pen drive', 8, 3, NULL, 0, 5, '2017-11-21', '', 0, 1, 'to_do - 0%', 0, '2017-11-09', '', 0, 'Normal', '2017-11-09 10:06:00');
INSERT INTO `tasks` VALUES (4, 'PJG0000-8', 'trhgt', 'demo now', 8, 3, NULL, 0, 5, '0000-00-00', '', 0, 1, 'to_do - 0%', 0, '0000-00-00', '', 0, 'Normal', '2017-11-13 09:06:19');
INSERT INTO `tasks` VALUES (5, 'PJG0000-8', 'project task', '', 8, 3, NULL, 0, 89, '0000-00-00', '', 0, 1, 'to_do - 0%', 0, '0000-00-00', '', 0, 'Normal', '2017-11-13 09:31:51');
INSERT INTO `tasks` VALUES (6, 'PJG0001-10', 'project two sub task one', '', 10, 4, NULL, 0, 5, '2017-11-15', '', 0, 1, 'to_do - 0%', 0, '2017-11-14', '', 0, 'Normal', '2017-11-14 09:52:38');
INSERT INTO `tasks` VALUES (7, 'SN0014', 'demo', 'testing', 10, 4, NULL, 0, 5, '2012-12-12', 'desig, penart', 23, 1, 'to_do - 0%', 0, '2009-12-01', '5', 0, 'Normal', '2017-11-28 18:02:48');
INSERT INTO `tasks` VALUES (8, 'PJG0001-10', 'time', '', 10, 4, NULL, 0, 89, '0000-00-00', '', 0, 1, 'to_do - 0%', 0, '0000-00-00', '5', 0, 'Normal', '2017-11-30 09:07:19');

-- ----------------------------
-- Table structure for taxes
-- ----------------------------
DROP TABLE IF EXISTS `taxes`;
CREATE TABLE `taxes`  (
  `id` int(11) NOT NULL AUTO_INCREMENT,
  `title` tinytext CHARACTER SET utf8 COLLATE utf8_unicode_ci NOT NULL,
  `percentage` double NOT NULL,
  `deleted` tinyint(1) NOT NULL DEFAULT 0,
  PRIMARY KEY (`id`) USING BTREE
) ENGINE = InnoDB AUTO_INCREMENT = 2 CHARACTER SET = latin1 COLLATE = latin1_swedish_ci ROW_FORMAT = Compact;

-- ----------------------------
-- Records of taxes
-- ----------------------------
INSERT INTO `taxes` VALUES (1, 'Tax (16%)', 16, 0);

-- ----------------------------
-- Table structure for tbl_case_procedures
-- ----------------------------
DROP TABLE IF EXISTS `tbl_case_procedures`;
CREATE TABLE `tbl_case_procedures`  (
  `id` int(10) UNSIGNED NOT NULL AUTO_INCREMENT,
  `name` varchar(100) CHARACTER SET utf8 COLLATE utf8_general_ci NOT NULL,
  `deleted` int(11) NOT NULL DEFAULT 0,
  PRIMARY KEY (`id`) USING BTREE
) ENGINE = InnoDB AUTO_INCREMENT = 2 CHARACTER SET = utf8 COLLATE = utf8_general_ci ROW_FORMAT = Compact;

-- ----------------------------
-- Records of tbl_case_procedures
-- ----------------------------
INSERT INTO `tbl_case_procedures` VALUES (1, 'Hearing', 0);

-- ----------------------------
-- Table structure for tbl_case_status
-- ----------------------------
DROP TABLE IF EXISTS `tbl_case_status`;
CREATE TABLE `tbl_case_status`  (
  `id` int(50) NOT NULL AUTO_INCREMENT,
  `status` varchar(100) CHARACTER SET utf8 COLLATE utf8_general_ci NOT NULL,
  PRIMARY KEY (`id`) USING BTREE
) ENGINE = InnoDB AUTO_INCREMENT = 3 CHARACTER SET = utf8 COLLATE = utf8_general_ci ROW_FORMAT = Compact;

-- ----------------------------
-- Records of tbl_case_status
-- ----------------------------
INSERT INTO `tbl_case_status` VALUES (1, 'Active');
INSERT INTO `tbl_case_status` VALUES (2, 'Inactive');

-- ----------------------------
-- Table structure for tbl_case_type
-- ----------------------------
DROP TABLE IF EXISTS `tbl_case_type`;
CREATE TABLE `tbl_case_type`  (
  `id` int(10) UNSIGNED NOT NULL AUTO_INCREMENT,
  `name` varchar(100) CHARACTER SET utf8 COLLATE utf8_general_ci NOT NULL,
  `deleted` int(11) NOT NULL DEFAULT 0,
  PRIMARY KEY (`id`) USING BTREE
) ENGINE = InnoDB AUTO_INCREMENT = 3 CHARACTER SET = utf8 COLLATE = utf8_general_ci ROW_FORMAT = Compact;

-- ----------------------------
-- Records of tbl_case_type
-- ----------------------------
INSERT INTO `tbl_case_type` VALUES (1, 'InWards', 0);
INSERT INTO `tbl_case_type` VALUES (2, 'Out Wards', 0);

-- ----------------------------
-- Table structure for tbl_cases
-- ----------------------------
DROP TABLE IF EXISTS `tbl_cases`;
CREATE TABLE `tbl_cases`  (
  `id` int(10) UNSIGNED NOT NULL AUTO_INCREMENT,
  `name` varchar(100) CHARACTER SET utf8 COLLATE utf8_general_ci NOT NULL,
  `status` int(11) NOT NULL DEFAULT 0,
  `deleted` int(11) NOT NULL DEFAULT 0,
  `case_procedure` int(10) UNSIGNED NOT NULL DEFAULT 0,
  `description` text CHARACTER SET utf8 COLLATE utf8_general_ci NOT NULL,
  `case_type` int(11) NOT NULL DEFAULT 0,
  `comment` text CHARACTER SET utf8 COLLATE utf8_general_ci NULL,
  PRIMARY KEY (`id`) USING BTREE
) ENGINE = InnoDB AUTO_INCREMENT = 6 CHARACTER SET = utf8 COLLATE = utf8_general_ci ROW_FORMAT = Compact;

-- ----------------------------
-- Records of tbl_cases
-- ----------------------------
INSERT INTO `tbl_cases` VALUES (5, 'new case', 0, 0, 0, 'new case here', 1, NULL);

-- ----------------------------
-- Table structure for tbl_doc_escalation_n_reminders
-- ----------------------------
DROP TABLE IF EXISTS `tbl_doc_escalation_n_reminders`;
CREATE TABLE `tbl_doc_escalation_n_reminders`  (
  `id` int(10) UNSIGNED NOT NULL AUTO_INCREMENT,
  `name` varchar(200) CHARACTER SET utf8 COLLATE utf8_general_ci NOT NULL,
  `doc_type` int(10) UNSIGNED NOT NULL,
  `reminder_to` int(11) NOT NULL,
  `duration_before` int(10) UNSIGNED NOT NULL,
  `reminder_every` int(10) UNSIGNED NOT NULL,
  `reminder_for` int(10) UNSIGNED NOT NULL,
  `deleted` int(11) NOT NULL DEFAULT 0,
  PRIMARY KEY (`id`) USING BTREE,
  INDEX `fk_doc_esc_rem_type`(`doc_type`) USING BTREE,
  INDEX `fk_esc_rem_esc_to`(`reminder_to`) USING BTREE,
  INDEX `fk_esc_rem_rem_every`(`reminder_every`) USING BTREE,
  INDEX `fk_esc_rem_reminder_for`(`reminder_for`) USING BTREE,
  INDEX `fk_esc_rem_duration_before`(`duration_before`) USING BTREE,
  CONSTRAINT `fk_doc_esc_rem_type` FOREIGN KEY (`doc_type`) REFERENCES `tbl_legal_document_types` (`id`) ON DELETE RESTRICT ON UPDATE RESTRICT,
  CONSTRAINT `fk_esc_rem_duration_before` FOREIGN KEY (`duration_before`) REFERENCES `tbl_time_durations` (`id`) ON DELETE RESTRICT ON UPDATE RESTRICT,
  CONSTRAINT `fk_esc_rem_esc_to` FOREIGN KEY (`reminder_to`) REFERENCES `team` (`id`) ON DELETE RESTRICT ON UPDATE RESTRICT,
  CONSTRAINT `fk_esc_rem_rem_every` FOREIGN KEY (`reminder_every`) REFERENCES `tbl_time_durations` (`id`) ON DELETE RESTRICT ON UPDATE RESTRICT,
  CONSTRAINT `fk_esc_rem_reminder_for` FOREIGN KEY (`reminder_for`) REFERENCES `tbl_time_durations` (`id`) ON DELETE RESTRICT ON UPDATE RESTRICT
) ENGINE = InnoDB AUTO_INCREMENT = 2 CHARACTER SET = utf8 COLLATE = utf8_general_ci ROW_FORMAT = Compact;

-- ----------------------------
-- Records of tbl_doc_escalation_n_reminders
-- ----------------------------
INSERT INTO `tbl_doc_escalation_n_reminders` VALUES (1, 'test reminder', 3, 1, 3, 2, 3, 0);

-- ----------------------------
-- Table structure for tbl_escalation_matrix
-- ----------------------------
DROP TABLE IF EXISTS `tbl_escalation_matrix`;
CREATE TABLE `tbl_escalation_matrix`  (
  `id` int(10) UNSIGNED NOT NULL AUTO_INCREMENT,
  `name` varchar(100) CHARACTER SET utf8 COLLATE utf8_general_ci NOT NULL,
  `users` varchar(100) CHARACTER SET utf8 COLLATE utf8_general_ci NOT NULL,
  `duration` int(11) NOT NULL,
  `deleted` int(11) NOT NULL,
  PRIMARY KEY (`id`) USING BTREE
) ENGINE = InnoDB AUTO_INCREMENT = 1 CHARACTER SET = utf8 COLLATE = utf8_general_ci ROW_FORMAT = Compact;

-- ----------------------------
-- Table structure for tbl_legal_case_procedures
-- ----------------------------
DROP TABLE IF EXISTS `tbl_legal_case_procedures`;
CREATE TABLE `tbl_legal_case_procedures`  (
  `id` int(11) NOT NULL AUTO_INCREMENT,
  `legal_case` int(11) NOT NULL,
  `date` text CHARACTER SET latin1 COLLATE latin1_swedish_ci NOT NULL,
  `assigned` int(11) NOT NULL,
  `deleted` int(11) NOT NULL,
  `procedure_val` int(11) NOT NULL DEFAULT 0,
  PRIMARY KEY (`id`) USING BTREE
) ENGINE = InnoDB AUTO_INCREMENT = 23 CHARACTER SET = latin1 COLLATE = latin1_swedish_ci ROW_FORMAT = Compact;

-- ----------------------------
-- Records of tbl_legal_case_procedures
-- ----------------------------
INSERT INTO `tbl_legal_case_procedures` VALUES (22, 5, '2017-12-12', 5, 0, 1);

-- ----------------------------
-- Table structure for tbl_legal_document_types
-- ----------------------------
DROP TABLE IF EXISTS `tbl_legal_document_types`;
CREATE TABLE `tbl_legal_document_types`  (
  `id` int(10) UNSIGNED NOT NULL AUTO_INCREMENT,
  `name` varchar(100) CHARACTER SET utf8 COLLATE utf8_general_ci NOT NULL,
  `has_expiry` int(11) NOT NULL DEFAULT 0,
  `can_upload` int(11) NOT NULL DEFAULT 0,
  `deleted` int(11) NOT NULL DEFAULT 0,
  PRIMARY KEY (`id`) USING BTREE
) ENGINE = InnoDB AUTO_INCREMENT = 5 CHARACTER SET = utf8 COLLATE = utf8_general_ci ROW_FORMAT = Compact;

-- ----------------------------
-- Records of tbl_legal_document_types
-- ----------------------------
INSERT INTO `tbl_legal_document_types` VALUES (1, 'Legal', 1, 0, 0);
INSERT INTO `tbl_legal_document_types` VALUES (2, 'Gazzete Notices', 1, 0, 0);
INSERT INTO `tbl_legal_document_types` VALUES (3, 'Insuarance', 1, 1, 0);
INSERT INTO `tbl_legal_document_types` VALUES (4, 'Policy', 1, 0, 0);

-- ----------------------------
-- Table structure for tbl_legal_documents
-- ----------------------------
DROP TABLE IF EXISTS `tbl_legal_documents`;
CREATE TABLE `tbl_legal_documents`  (
  `id` int(10) UNSIGNED NOT NULL AUTO_INCREMENT,
  `name` varchar(100) CHARACTER SET utf8 COLLATE utf8_general_ci NOT NULL,
  `document_type` int(10) UNSIGNED NOT NULL,
  `file_document` text CHARACTER SET utf8 COLLATE utf8_general_ci NOT NULL,
  `user_responsible` int(11) NOT NULL DEFAULT 0,
  `status` int(11) NOT NULL DEFAULT 0,
  `covered_from` text CHARACTER SET utf8 COLLATE utf8_general_ci NOT NULL,
  `covered_to` text CHARACTER SET utf8 COLLATE utf8_general_ci NOT NULL,
  `deleted` int(11) NOT NULL DEFAULT 0,
  `reminder` int(11) NOT NULL DEFAULT 0,
  `reminder_sent` int(11) NOT NULL DEFAULT 0,
  `completed_escalations` int(11) NOT NULL DEFAULT 0,
  `created_at` timestamp(0) NOT NULL DEFAULT CURRENT_TIMESTAMP ON UPDATE CURRENT_TIMESTAMP(0),
  `updated_at` timestamp(0) NOT NULL,
  PRIMARY KEY (`id`) USING BTREE,
  INDEX `fk_doc_type`(`document_type`) USING BTREE,
  INDEX `fk_status`(`status`) USING BTREE,
  CONSTRAINT `fk_doc_type` FOREIGN KEY (`document_type`) REFERENCES `tbl_legal_document_types` (`id`) ON DELETE RESTRICT ON UPDATE RESTRICT,
  CONSTRAINT `fk_status` FOREIGN KEY (`status`) REFERENCES `tbl_case_status` (`id`) ON DELETE RESTRICT ON UPDATE RESTRICT
) ENGINE = InnoDB AUTO_INCREMENT = 3 CHARACTER SET = utf8 COLLATE = utf8_general_ci ROW_FORMAT = Compact;

-- ----------------------------
-- Records of tbl_legal_documents
-- ----------------------------
INSERT INTO `tbl_legal_documents` VALUES (2, 'New s', 2, 'a:0:{}', 89, 1, '2017-12-05', '2017-12-13', 0, 0, 0, 0, '2017-12-05 10:09:31', '0000-00-00 00:00:00');

-- ----------------------------
-- Table structure for tbl_migartions
-- ----------------------------
DROP TABLE IF EXISTS `tbl_migartions`;
CREATE TABLE `tbl_migartions`  (
  `version` bigint(20) NOT NULL
) ENGINE = InnoDB CHARACTER SET = utf8 COLLATE = utf8_general_ci ROW_FORMAT = Compact;

-- ----------------------------
-- Records of tbl_migartions
-- ----------------------------
INSERT INTO `tbl_migartions` VALUES (4);

-- ----------------------------
-- Table structure for tbl_time_durations
-- ----------------------------
DROP TABLE IF EXISTS `tbl_time_durations`;
CREATE TABLE `tbl_time_durations`  (
  `id` int(10) UNSIGNED NOT NULL AUTO_INCREMENT,
  `name` varchar(200) CHARACTER SET utf8 COLLATE utf8_general_ci NOT NULL,
  `seconds` int(11) NOT NULL,
  `deleted` int(11) NOT NULL,
  PRIMARY KEY (`id`) USING BTREE
) ENGINE = InnoDB AUTO_INCREMENT = 4 CHARACTER SET = utf8 COLLATE = utf8_general_ci ROW_FORMAT = Compact;

-- ----------------------------
-- Records of tbl_time_durations
-- ----------------------------
INSERT INTO `tbl_time_durations` VALUES (1, '1 day', 2723623, 0);
INSERT INTO `tbl_time_durations` VALUES (2, '3 days', 487348, 0);
INSERT INTO `tbl_time_durations` VALUES (3, '1 Week', 120000, 0);

-- ----------------------------
-- Table structure for team
-- ----------------------------
DROP TABLE IF EXISTS `team`;
CREATE TABLE `team`  (
  `id` int(11) NOT NULL AUTO_INCREMENT,
  `title` text CHARACTER SET utf8 COLLATE utf8_unicode_ci NOT NULL,
  `members` mediumtext CHARACTER SET utf8 COLLATE utf8_unicode_ci NOT NULL,
  `deleted` int(1) NOT NULL DEFAULT 0,
  PRIMARY KEY (`id`) USING BTREE
) ENGINE = InnoDB AUTO_INCREMENT = 3 CHARACTER SET = utf8 COLLATE = utf8_unicode_ci ROW_FORMAT = Compact;

-- ----------------------------
-- Records of team
-- ----------------------------
INSERT INTO `team` VALUES (1, 'HR TEAM', '2,3,9', 0);
INSERT INTO `team` VALUES (2, 'PAYROLL', '2,6,8', 0);

-- ----------------------------
-- Table structure for team_member_job_info
-- ----------------------------
DROP TABLE IF EXISTS `team_member_job_info`;
CREATE TABLE `team_member_job_info`  (
  `id` int(11) NOT NULL AUTO_INCREMENT,
  `user_id` int(11) NOT NULL,
  `date_of_hire` date NOT NULL,
  `deleted` int(1) NOT NULL DEFAULT 0,
  `salary` double NOT NULL DEFAULT 0,
  `working_hours` double NOT NULL DEFAULT 1,
  `hourly_rate` double NOT NULL DEFAULT 1,
  `salary_term` varchar(20) CHARACTER SET utf8 COLLATE utf8_unicode_ci NULL DEFAULT NULL,
  PRIMARY KEY (`id`) USING BTREE,
  INDEX `user_id`(`user_id`) USING BTREE
) ENGINE = InnoDB AUTO_INCREMENT = 30 CHARACTER SET = utf8 COLLATE = utf8_unicode_ci ROW_FORMAT = Compact;

-- ----------------------------
-- Records of team_member_job_info
-- ----------------------------
INSERT INTO `team_member_job_info` VALUES (4, 5, '2016-09-16', 0, 15000, 176, 85.227272727273, 'Monthly');
INSERT INTO `team_member_job_info` VALUES (9, 89, '2017-12-27', 0, 40000, 176, 227.27272727273, '');
INSERT INTO `team_member_job_info` VALUES (17, 113, '2014-06-19', 0, 0, 0, 0, 'Uknown');
INSERT INTO `team_member_job_info` VALUES (18, 114, '2014-07-16', 0, 0, 0, 0, 'Uknown');
INSERT INTO `team_member_job_info` VALUES (19, 115, '2014-06-10', 0, 0, 0, 0, '');
INSERT INTO `team_member_job_info` VALUES (20, 116, '0000-00-00', 0, 0, 0, 0, '');
INSERT INTO `team_member_job_info` VALUES (21, 117, '0000-00-00', 0, 0, 0, 0, '');
INSERT INTO `team_member_job_info` VALUES (22, 118, '0000-00-00', 0, 0, 0, 0, '');
INSERT INTO `team_member_job_info` VALUES (23, 121, '0000-00-00', 0, 0, 0, 0, '');
INSERT INTO `team_member_job_info` VALUES (24, 123, '0000-00-00', 0, 0, 0, 0, '');
INSERT INTO `team_member_job_info` VALUES (25, 124, '0000-00-00', 0, 0, 0, 0, '');
INSERT INTO `team_member_job_info` VALUES (26, 125, '0000-00-00', 0, 0, 0, 0, '');
INSERT INTO `team_member_job_info` VALUES (27, 126, '0000-00-00', 0, 0, 0, 0, '');
INSERT INTO `team_member_job_info` VALUES (28, 127, '0000-00-00', 0, 0, 0, 0, '');
INSERT INTO `team_member_job_info` VALUES (29, 128, '0000-00-00', 0, 0, 0, 0, '');

-- ----------------------------
-- Table structure for ticket_comments
-- ----------------------------
DROP TABLE IF EXISTS `ticket_comments`;
CREATE TABLE `ticket_comments`  (
  `id` int(11) NOT NULL AUTO_INCREMENT,
  `created_by` int(11) NOT NULL,
  `created_at` datetime(0) NOT NULL,
  `description` mediumtext CHARACTER SET utf8 COLLATE utf8_unicode_ci NOT NULL,
  `ticket_id` int(11) NOT NULL,
  `files` longtext CHARACTER SET utf8 COLLATE utf8_unicode_ci NULL,
  `deleted` tinyint(1) NOT NULL DEFAULT 0,
  PRIMARY KEY (`id`) USING BTREE
) ENGINE = InnoDB AUTO_INCREMENT = 23 CHARACTER SET = utf8 COLLATE = utf8_unicode_ci ROW_FORMAT = Compact;

-- ----------------------------
-- Records of ticket_comments
-- ----------------------------
INSERT INTO `ticket_comments` VALUES (18, 5, '2017-11-30 10:39:05', 'maintain-ace ', 15, 'a:0:{}', 0);
INSERT INTO `ticket_comments` VALUES (19, 5, '2017-11-30 14:58:49', 'klhcdsdgcysdgvcysdgcvsdy', 16, 'a:0:{}', 0);
INSERT INTO `ticket_comments` VALUES (20, 5, '2017-12-04 09:11:20', 'gsgfdgfdgfdsxg', 1, 'a:0:{}', 0);
INSERT INTO `ticket_comments` VALUES (21, 5, '2017-12-04 09:41:28', 'fd xcfd', 2, 'a:0:{}', 0);
INSERT INTO `ticket_comments` VALUES (22, 5, '2017-12-06 07:36:20', 'TRFHGFHGFHNGFJNHGFN', 4, 'a:0:{}', 0);

-- ----------------------------
-- Table structure for ticket_types
-- ----------------------------
DROP TABLE IF EXISTS `ticket_types`;
CREATE TABLE `ticket_types`  (
  `id` int(11) NOT NULL AUTO_INCREMENT,
  `title` text CHARACTER SET utf8 COLLATE utf8_unicode_ci NOT NULL,
  `deleted` tinyint(1) NOT NULL DEFAULT 0,
  PRIMARY KEY (`id`) USING BTREE
) ENGINE = InnoDB AUTO_INCREMENT = 3 CHARACTER SET = utf8 COLLATE = utf8_unicode_ci ROW_FORMAT = Compact;

-- ----------------------------
-- Records of ticket_types
-- ----------------------------
INSERT INTO `ticket_types` VALUES (1, 'General Support', 0);
INSERT INTO `ticket_types` VALUES (2, 'concrete preparation', 0);

-- ----------------------------
-- Table structure for tickets
-- ----------------------------
DROP TABLE IF EXISTS `tickets`;
CREATE TABLE `tickets`  (
  `id` int(11) NOT NULL AUTO_INCREMENT,
  `project_id` int(11) NOT NULL,
  `external_reference` text CHARACTER SET utf8 COLLATE utf8_unicode_ci NOT NULL,
  `ticket_type_id` int(11) NOT NULL,
  `title` text CHARACTER SET utf8 COLLATE utf8_unicode_ci NOT NULL,
  `created_by` int(11) NOT NULL,
  `created_at` datetime(0) NOT NULL,
  `status` enum('new','client_replied','open','closed') CHARACTER SET utf8 COLLATE utf8_unicode_ci NOT NULL DEFAULT 'new',
  `last_activity_at` datetime(0) NULL DEFAULT NULL,
  `assigned_to` int(11) NOT NULL DEFAULT 0,
  `escalation_matrix` int(11) NOT NULL,
  `labels` text CHARACTER SET utf8 COLLATE utf8_unicode_ci NULL,
  `deleted` tinyint(1) NOT NULL DEFAULT 0,
  PRIMARY KEY (`id`) USING BTREE
) ENGINE = InnoDB AUTO_INCREMENT = 5 CHARACTER SET = utf8 COLLATE = utf8_unicode_ci ROW_FORMAT = Compact;

-- ----------------------------
-- Records of tickets
-- ----------------------------
INSERT INTO `tickets` VALUES (2, 11, '', 1, 'employees', 5, '2017-12-04 09:41:28', 'new', '2017-12-04 09:41:28', 89, 0, 'high', 0);
INSERT INTO `tickets` VALUES (3, 11, '', 1, 'employees', 5, '2017-12-04 09:41:28', 'new', '2017-12-04 09:41:28', 113, 0, 'high', 0);
INSERT INTO `tickets` VALUES (4, 11, '', 1, 'demo ticket 1', 5, '2017-12-06 07:36:20', 'new', '2017-12-06 07:36:20', 113, 0, '', 0);

-- ----------------------------
-- Table structure for users
-- ----------------------------
DROP TABLE IF EXISTS `users`;
CREATE TABLE `users`  (
  `id` int(11) NOT NULL AUTO_INCREMENT,
  `first_name` varchar(50) CHARACTER SET utf8 COLLATE utf8_unicode_ci NOT NULL,
  `last_name` varchar(50) CHARACTER SET utf8 COLLATE utf8_unicode_ci NOT NULL,
  `user_type` enum('staff','client') CHARACTER SET utf8 COLLATE utf8_unicode_ci NOT NULL DEFAULT 'client',
  `is_admin` tinyint(1) NOT NULL DEFAULT 0,
  `role_id` int(11) NOT NULL DEFAULT 0,
  `email` varchar(255) CHARACTER SET utf8 COLLATE utf8_unicode_ci NOT NULL,
  `password` varchar(255) CHARACTER SET utf8 COLLATE utf8_unicode_ci NULL DEFAULT NULL,
  `image` text CHARACTER SET utf8 COLLATE utf8_unicode_ci NULL,
  `status` enum('active','inactive') CHARACTER SET utf8 COLLATE utf8_unicode_ci NOT NULL DEFAULT 'active',
  `message_checked_at` datetime(0) NOT NULL,
  `client_id` int(11) NOT NULL DEFAULT 0,
  `notification_checked_at` datetime(0) NOT NULL,
  `is_primary_contact` tinyint(1) NOT NULL DEFAULT 0,
  `job_title` varchar(100) CHARACTER SET utf8 COLLATE utf8_unicode_ci NOT NULL DEFAULT 'Untitled',
  `disable_login` tinyint(1) NOT NULL DEFAULT 0,
  `note` mediumtext CHARACTER SET utf8 COLLATE utf8_unicode_ci NULL,
  `address` text CHARACTER SET utf8 COLLATE utf8_unicode_ci NULL,
  `alternative_address` text CHARACTER SET utf8 COLLATE utf8_unicode_ci NULL,
  `phone` varchar(20) CHARACTER SET utf8 COLLATE utf8_unicode_ci NULL DEFAULT NULL,
  `alternative_phone` varchar(20) CHARACTER SET utf8 COLLATE utf8_unicode_ci NULL DEFAULT NULL,
  `dob` date NULL DEFAULT NULL,
  `ssn` varchar(20) CHARACTER SET utf8 COLLATE utf8_unicode_ci NULL DEFAULT NULL,
  `gender` enum('male','female') CHARACTER SET utf8 COLLATE utf8_unicode_ci NOT NULL DEFAULT 'male',
  `sticky_note` mediumtext CHARACTER SET utf8 COLLATE utf8_unicode_ci NULL,
  `skype` text CHARACTER SET utf8 COLLATE utf8_unicode_ci NULL,
  `enable_web_notification` tinyint(1) NOT NULL DEFAULT 1,
  `enable_email_notification` tinyint(1) NOT NULL DEFAULT 1,
  `landing_page` varchar(255) CHARACTER SET utf8 COLLATE utf8_unicode_ci NULL DEFAULT '/dashboard',
  `created_at` datetime(0) NOT NULL,
  `deleted` int(1) NOT NULL DEFAULT 0,
  PRIMARY KEY (`id`) USING BTREE,
  INDEX `user_type`(`user_type`) USING BTREE,
  INDEX `email`(`email`) USING BTREE,
  INDEX `client_id`(`client_id`) USING BTREE,
  INDEX `deleted`(`deleted`) USING BTREE
) ENGINE = InnoDB AUTO_INCREMENT = 129 CHARACTER SET = utf8 COLLATE = utf8_unicode_ci ROW_FORMAT = Compact;

-- ----------------------------
-- Records of users
-- ----------------------------
INSERT INTO `users` VALUES (5, 'Admin', 'User', 'staff', 1, 1, 'admin@teamkazi.com', '25d55ad283aa400af464c76d713c07ad', NULL, 'active', '2017-11-30 10:53:08', 0, '2017-12-04 09:04:23', 0, 'Developer', 0, NULL, '', '', '0700000000', '', '1900-12-21', '', 'male', NULL, '', 1, 1, '/dashboard', '2016-12-07 09:48:20', 0);
INSERT INTO `users` VALUES (89, 'John', 'Doe', 'staff', 0, 1, 'john@teamkazi.com', '25d55ad283aa400af464c76d713c07ad', NULL, 'active', '2017-12-04 09:23:16', 0, '2017-12-04 09:43:40', 0, 'Developer', 0, NULL, '', NULL, '', NULL, NULL, NULL, 'male', NULL, NULL, 1, 1, '/dashboard', '2017-11-09 07:11:05', 0);
INSERT INTO `users` VALUES (113, 'Maurice', 'Wagura', 'staff', 0, 1, 'wagura465@gmail.com', '25d55ad283aa400af464c76d713c07ad', NULL, 'active', '0000-00-00 00:00:00', 0, '2017-12-06 07:40:26', 0, 'GENERAL CLERK', 0, NULL, NULL, NULL, '0710576348', NULL, NULL, NULL, 'male', NULL, NULL, 1, 1, '/dashboard', '0000-00-00 00:00:00', 0);
INSERT INTO `users` VALUES (114, 'CONSTANT', 'IMBOTIANI', 'staff', 0, 1, 'constant@teamkazi.com', '25d55ad283aa400af464c76d713c07ad', NULL, 'active', '0000-00-00 00:00:00', 0, '0000-00-00 00:00:00', 0, 'M/ATT', 0, NULL, NULL, NULL, '0747967942', NULL, NULL, NULL, 'male', NULL, NULL, 1, 1, '/dashboard', '0000-00-00 00:00:00', 0);
INSERT INTO `users` VALUES (115, 'BETT', 'SAGE', 'staff', 0, 1, 'bethuel@tikone.biz', '25d55ad283aa400af464c76d713c07ad', NULL, 'active', '0000-00-00 00:00:00', 0, '0000-00-00 00:00:00', 0, 'Sage Expert', 0, NULL, '', NULL, '0720088045', NULL, NULL, NULL, 'male', NULL, NULL, 1, 1, '/dashboard', '2017-12-05 12:44:52', 0);
INSERT INTO `users` VALUES (126, 'ter', 'trre', 'staff', 0, 0, 'admin@teamkazi.co8', '25d55ad283aa400af464c76d713c07ad', NULL, 'active', '0000-00-00 00:00:00', 0, '0000-00-00 00:00:00', 0, 'grtg', 0, NULL, '', NULL, '', NULL, NULL, NULL, 'male', NULL, NULL, 1, 1, '/dashboard', '2017-12-05 14:38:17', 0);
INSERT INTO `users` VALUES (127, 'ttertert', 'tertert', 'staff', 0, 0, 'admin@teamkazi.coy', '25d55ad283aa400af464c76d713c07ad', NULL, 'active', '0000-00-00 00:00:00', 0, '0000-00-00 00:00:00', 0, 'tertert', 0, NULL, '', NULL, '', NULL, NULL, NULL, 'male', NULL, NULL, 1, 1, '/dashboard', '2017-12-05 14:51:13', 0);
INSERT INTO `users` VALUES (128, 'hd', 'gfdg', 'staff', 0, 0, 'wagura.maurice@hotmail.com', '25d55ad283aa400af464c76d713c07ad', NULL, 'active', '0000-00-00 00:00:00', 0, '0000-00-00 00:00:00', 0, 'dgfgfd', 0, NULL, '', NULL, '', NULL, NULL, NULL, 'male', NULL, NULL, 1, 1, '/dashboard', '2017-12-05 15:01:20', 0);

SET FOREIGN_KEY_CHECKS = 1;
